;;;*;alkaloid;alkaloid;alkaloid;alkaloid;alkaloid;alkaloid;alkaloid;alkaloid;alkaloid;alkaloid;alkaloid;alkaloid;alkaloid;alkaloid;alkaloid;alkaloid;alkaloid;alkaloid;alkaloid;alkaloid;alkaloid;alkaloid;alkaloid;alkaloid;alkaloid;alkaloid;alkaloid;alkaloid;alkaloid;alkaloid;alkaloid;alkaloid;alkaloid;alkaloid;alkaloid;alkaloid;alkaloid;alkaloid;alkaloid;alkaloid;alkaloid;alkaloid;alkaloid;alkaloid;alkaloid;alkaloid;alkaloid;alkaloid;lactones;lactones;phenolic compound;phenolic compound;phenolic compound;phenolic compound;phenolic compound;phenolic compound;phenolic compound;phenolic compound;phenolic compound;phenolic compound;phenolic compound;phenolic compound;phenolic compound;phenolic compound;phenolic compound;phenolic compound;phenolic compound;phenolic compound;phenolic compound;phenolic compound;phenolic compound;phenolic compound;phenolic compound;phenolic compound;polyketide;polyketide;polyketide;polyketide;polyketide;polyketide;polyketide;polyketide;polyketide;polyketide;polyketide;polyketide;sterols;sterols;sulphur compounds;sulphur compounds;terpenoid/terpene;terpenoid/terpene;terpenoid/terpene;terpenoid/terpene;terpenoid/terpene;terpenoid/terpene;terpenoid/terpene;terpenoid/terpene;terpenoid/terpene;terpenoid/terpene;terpenoid/terpene;terpenoid/terpene;terpenoid/terpene;terpenoid/terpene;terpenoid/terpene;terpenoid/terpene;terpenoid/terpene;terpenoid/terpene
;;;Σ;benzylamine;benzylamine;colchicine;colchicine;cyclopeptide;cyclopeptide;imidazole;imidazole;indole;indole;indolizidine;indolizidine;isoquinoline;isoquinoline;isoxazole;isoxazole;muscarine;muscarine;oxazole;oxazole;phenylethylamine;phenylethylamine;piperidine;piperidine;purine;purine;putrescine;putrescine;pyridine;pyridine;pyrrolidine;pyrrolidine;pyrrolizidine;pyrrolizidine;quinazoline;quinazoline;quinoline;quinoline;quinolizidine;quinolizidine;spermidine;spermidine;spermine;spermine;thiazole;thiazole;tropane;tropane;lactones/strigolactones;lactones/strigolactones;acetophenone;acetophenone;anthraquinone;anthraquinone;coumarin;coumarin;flavonoids/biflavonoids/anthocyanin;flavonoids/biflavonoids/anthocyanin;isoflavanoids;isoflavanoids;lignans;lignans;naphthoquinone;naphthoquinone;phenolic acid;phenolic acid;phenylpropanoid;phenylpropanoid;stilbene;stilbene;tannin;tannin;xanthone;xanthone;acetogenin;acetogenin;ansamycin;ansamycin;macrolide;macrolide;polyene;polyene;polyether;polyether;tetracycline;tetracycline;sterols/cardenolides;sterols/cardenolides;sulphur compounds/glucosinolates;sulphur compounds/glucosinolates;diterpene;diterpene;hemiterpene;hemiterpene;monoterpene;monoterpene;norisoprenoid;norisoprenoid;polyterpene;polyterpene;sesquiterpene;sesquiterpene;sesterterpene;sesterterpene;tetraterpene/carotenoid/xanthophyll;tetraterpene/carotenoid/xanthophyll;triterpene/saponin;triterpene/saponin
;;;w/;w/o;w/;w/o;w/;w/o;w/;w/o;w/;w/o;w/;w/o;w/;w/o;w/;w/o;w/;w/o;w/;w/o;w/;w/o;w/;w/o;w/;w/o;w/;w/o;w/;w/o;w/;w/o;w/;w/o;w/;w/o;w/;w/o;w/;w/o;w/;w/o;w/;w/o;w/;w/o;w/;w/o;w/;w/o;w/;w/o;w/;w/o;w/;w/o;w/;w/o;w/;w/o;w/;w/o;w/;w/o;w/;w/o;w/;w/o;w/;w/o;w/;w/o;w/;w/o;w/;w/o;w/;w/o;w/;w/o;w/;w/o;w/;w/o;w/;w/o;w/;w/o;w/;w/o;w/;w/o;w/;w/o;w/;w/o;w/;w/o;w/;w/o;w/;w/o;w/;w/o;w/;w/o;w/;w/o;w/
*;Σ;w/;439830;438859;971;430405;9425;436325;3505;417366;22464;412863;26967;439688;142;436206;3624;437228;2602;439649;181;438099;1731;439476;354;426738;13092;429429;10401;437137;2693;413720;26110;434816;5014;438730;1100;434970;4860;418585;21245;439524;306;436905;2925;437086;2744;425206;14624;439320;510;424127;15703;437478;2352;432866;6964;427654;12176;341820;98010;439814;16;434414;5416;435802;4028;430772;9058;437176;2654;432090;7740;419525;20305;436899;2931;439358;472;439553;277;425501;14329;436676;3154;438395;1435;403145;36685;425914;13916;425945;13885;434697;5133;439590;240;436812;3018;439666;164;439821;9;427944;11886;439545;285;402749;37081;415829;24001
alkaloid;benzylamine;w/o;438859;438859;0;429436;9423;435355;3504;416423;22436;411925;26934;438717;142;435242;3617;436263;2596;438678;181;437129;1730;438504;355;425766;13093;428457;10402;436165;2694;412748;26111;433861;4998;437760;1099;434015;4844;417628;21231;438553;306;435945;2914;436126;2733;424246;14613;438349;510;423161;15698;436515;2344;431896;6963;426690;12169;340857;98002;438843;16;433443;5416;434832;4027;429803;9056;436206;2653;431123;7736;418555;20304;435929;2930;438387;472;438582;277;424534;14325;435708;3151;437425;1434;402177;36682;424955;13904;424975;13884;433728;5131;438619;240;435841;3018;438695;164;438850;9;426975;11884;438574;285;401781;37078;414861;23998
alkaloid;benzylamine;w/;971;0;971;969;2;970;1;943;28;938;33;971;0;964;7;965;6;971;0;970;1;972;-1;972;-1;972;-1;972;-1;972;-1;955;16;970;1;955;16;957;14;971;0;960;11;960;11;960;11;971;0;966;5;963;8;970;1;964;7;963;8;971;0;971;0;970;1;969;2;970;1;967;4;970;1;970;1;971;0;971;0;967;4;968;3;970;1;968;3;959;12;970;1;969;2;971;0;971;0;971;0;971;0;969;2;971;0;968;3;968;3
alkaloid;colchicine;w/o;430405;429436;969;430405;0;426904;3501;408030;22375;403652;26753;430263;142;426799;3606;427811;2594;430226;179;428690;1715;430053;352;417328;13077;420084;10321;427714;2691;404395;26010;425403;5002;429313;1092;425571;4834;409238;21167;430100;305;427483;2922;427663;2742;415856;14549;429898;507;414726;15679;428061;2344;423451;6954;418294;12111;332505;97900;430389;16;425008;5397;426386;4019;421357;9048;427751;2654;422759;7646;410118;20287;427478;2927;429933;472;430129;276;416138;14267;427261;3144;428974;1431;393841;36564;416498;13907;416524;13881;425275;5130;430166;239;427390;3015;430241;164;430396;9;418546;11859;430120;285;393343;37062;406445;23960
alkaloid;colchicine;w/;9425;9423;2;0;9425;9421;4;9336;89;9211;214;9425;0;9407;18;9417;8;9423;2;9409;16;9423;2;9410;15;9345;80;9423;2;9325;100;9413;12;9417;8;9399;26;9347;78;9424;1;9422;3;9423;2;9350;75;9422;3;9401;24;9417;8;9415;10;9360;65;9315;110;9425;0;9406;19;9416;9;9415;10;9425;0;9331;94;9407;18;9421;4;9425;0;9424;1;9363;62;9415;10;9421;4;9304;121;9416;9;9421;4;9422;3;9424;1;9422;3;9425;0;9425;0;9398;27;9425;0;9406;19;9384;41
alkaloid;cyclopeptide;w/o;436325;435355;970;426904;9421;436325;0;413878;22447;409411;26914;436183;142;432707;3618;433732;2593;436145;180;434612;1713;435971;354;423260;13065;425931;10394;433632;2693;410243;26082;431324;5001;435226;1099;431468;4857;415092;21233;436020;305;433400;2925;433582;2743;421740;14585;435816;509;420666;15659;433974;2351;429368;6957;424155;12170;338331;97994;436309;16;430915;5410;432300;4025;427267;9058;433674;2651;428588;7737;416023;20302;433398;2927;435853;472;436048;277;422015;14310;433181;3144;434891;1434;399656;36669;422419;13906;422461;13864;431193;5132;436085;240;433308;3017;436161;164;436316;9;424447;11878;436040;285;399244;37081;412335;23990
alkaloid;cyclopeptide;w/;3505;3504;1;3501;4;0;3505;3488;17;3452;53;3505;0;3499;6;3496;9;3504;1;3487;18;3505;0;3478;27;3498;7;3505;0;3477;28;3492;13;3504;1;3502;3;3493;12;3504;1;3505;0;3504;1;3466;39;3504;1;3461;44;3504;1;3498;7;3499;6;3489;16;3505;0;3499;6;3502;3;3505;0;3502;3;3502;3;3502;3;3501;4;3505;0;3505;0;3486;19;3495;10;3504;1;3489;16;3495;10;3484;21;3504;1;3505;0;3504;1;3505;0;3505;0;3497;8;3505;0;3505;0;3494;11
alkaloid;imidazole;w/o;417366;416423;943;408030;9336;413878;3488;417366;0;391150;26216;417226;140;413959;3407;414814;2552;417187;179;415761;1605;417022;344;404524;12842;407174;10192;414686;2680;393590;23776;412637;4729;416274;1092;412609;4757;396701;20665;417065;301;414447;2919;414644;2722;403344;14022;416861;505;401745;15621;415058;2308;410450;6916;405308;12058;319766;97600;417350;16;411980;5386;413459;3907;408314;9052;414716;2650;409683;7683;397083;20283;414453;2913;416897;469;417090;276;403246;14120;414326;3040;415938;1428;380861;36505;403637;13729;403551;13815;412256;5110;417139;227;414350;3016;417204;162;417357;9;405527;11839;417082;284;380320;37046;393443;23923
alkaloid;imidazole;w/;22464;22436;28;22375;89;22447;17;0;22464;21713;751;22462;2;22247;217;22414;50;22462;2;22338;126;22454;10;22214;250;22255;209;22451;13;20130;2334;22179;285;22456;8;22361;103;21884;580;22459;5;22458;6;22442;22;21862;602;22459;5;22382;82;22420;44;22416;48;22346;118;22054;410;22464;0;22434;30;22343;121;22458;6;22460;4;22407;57;22442;22;22446;18;22461;3;22463;1;22255;209;22350;114;22457;7;22284;180;22277;187;22394;70;22441;23;22451;13;22462;2;22462;2;22464;0;22417;47;22463;1;22429;35;22386;78
alkaloid;indole;w/o;412863;411925;938;403652;9211;409411;3452;391150;21713;412863;0;412738;125;409411;3452;410330;2533;412683;180;411192;1671;412518;345;400256;12607;402691;10172;410235;2628;387652;25211;408027;4836;411786;1077;408222;4641;392337;20526;412579;284;410002;2861;410166;2697;398714;14149;412374;489;397371;15492;410563;2300;405962;6901;400865;11998;315467;97396;412848;15;407491;5372;408878;3985;403861;9002;410254;2609;405186;7677;392642;20221;409953;2910;412395;468;412588;275;398582;14281;409719;3144;411433;1430;376376;36487;399051;13812;399262;13601;407793;5070;412628;235;409950;2913;412703;160;412854;9;401119;11744;412583;280;376010;36853;388976;23887
alkaloid;indole;w/;26967;26934;33;26753;214;26914;53;26216;751;0;26967;26950;17;26795;172;26898;69;26966;1;26907;60;26958;9;26482;485;26738;229;26902;65;26068;899;26789;178;26944;23;26748;219;26248;719;26945;22;26903;64;26920;47;26492;475;26946;21;26756;211;26915;52;26904;63;26789;178;26353;614;26966;1;26923;44;26924;43;26911;56;26922;45;26904;63;26883;84;26946;21;26963;4;26965;2;26919;48;26957;10;26962;5;26769;198;26863;104;26683;284;26904;63;26962;5;26862;105;26963;4;26967;0;26825;142;26962;5;26739;228;26853;114
alkaloid;indolizidine;w/o;439688;438717;971;430263;9425;436183;3505;417226;22462;412738;26950;439688;0;436071;3617;437086;2602;439507;181;437957;1731;439335;353;426607;13081;429287;10401;436996;2692;413581;26107;434682;5006;438600;1088;434828;4860;418447;21241;439399;289;436764;2924;436944;2744;425065;14623;439180;508;423985;15703;437336;2352;432726;6962;427513;12175;341682;98006;439672;16;434273;5415;435660;4028;430630;9058;437034;2654;431948;7740;419385;20303;436757;2931;439216;472;439411;277;425359;14329;436534;3154;438253;1435;403003;36685;425772;13916;425804;13884;434556;5132;439448;240;436670;3018;439525;163;439679;9;427802;11886;439403;285;402607;37081;415689;23999
alkaloid;indolizidine;w/;142;142;0;142;0;142;0;140;2;125;17;0;142;135;7;142;0;142;0;142;0;141;1;131;11;142;0;141;1;139;3;134;8;130;12;142;0;138;4;125;17;141;1;142;0;141;1;140;2;142;0;142;0;140;2;141;1;138;4;142;0;141;1;142;0;142;0;142;0;142;0;140;2;142;0;142;0;142;0;142;0;142;0;142;0;142;0;142;0;141;1;141;1;142;0;142;0;141;1;142;0;142;0;142;0;142;0;140;2
alkaloid;isoquinoline;w/o;436206;435242;964;426799;9407;432707;3499;413959;22247;409411;26795;436071;135;436206;0;433608;2598;436025;181;434483;1723;435857;349;423193;13013;425854;10352;433516;2690;410289;25917;431232;4974;435112;1094;431390;4816;415252;20954;435911;295;433283;2923;433466;2740;421634;14572;435707;499;420522;15684;433866;2340;429276;6930;424074;12132;338264;97942;436190;16;430805;5401;432189;4017;427157;9049;433561;2645;428476;7730;415920;20286;433282;2924;435737;469;435929;277;421886;14320;433053;3153;434771;1435;399534;36672;422309;13897;422329;13877;431074;5132;435967;239;433190;3016;436042;164;436197;9;424333;11873;435922;284;399133;37073;412224;23982
alkaloid;isoquinoline;w/;3624;3617;7;3606;18;3618;6;3407;217;3452;172;3617;7;0;3624;3620;4;3624;0;3616;8;3619;5;3545;79;3575;49;3621;3;3431;193;3584;40;3618;6;3580;44;3333;291;3613;11;3622;2;3620;4;3572;52;3613;11;3605;19;3612;12;3590;34;3580;44;3556;68;3624;0;3609;15;3613;11;3615;9;3615;9;3614;10;3605;19;3617;7;3621;3;3624;0;3615;9;3623;1;3624;0;3611;13;3605;19;3616;8;3623;1;3623;1;3622;2;3624;0;3624;0;3611;13;3623;1;3616;8;3605;19
alkaloid;isoxazole;w/o;437228;436263;965;427811;9417;433732;3496;414814;22414;410330;26898;437086;142;433608;3620;437228;0;437048;180;435559;1669;436874;354;424208;13020;426850;10378;434535;2693;411281;25947;432241;4987;436129;1099;432390;4838;416036;21192;436922;306;434304;2924;434486;2742;422696;14532;436718;510;421555;15673;434893;2335;430267;6961;425085;12143;339233;97995;437212;16;431817;5411;433211;4017;428170;9058;434574;2654;429500;7728;416923;20305;434297;2931;436757;471;436952;276;422908;14320;434075;3153;435793;1435;400552;36676;423325;13903;423359;13869;432096;5132;436989;239;434211;3017;437064;164;437219;9;425346;11882;436943;285;400154;37074;413240;23988
alkaloid;isoxazole;w/;2602;2596;6;2594;8;2593;9;2552;50;2533;69;2602;0;2598;4;0;2602;2601;1;2540;62;2602;0;2530;72;2579;23;2602;0;2439;163;2575;27;2601;1;2580;22;2549;53;2602;0;2601;1;2600;2;2510;92;2602;0;2572;30;2585;17;2599;3;2569;33;2587;15;2602;0;2597;5;2591;11;2602;0;2602;0;2590;12;2602;0;2602;0;2601;1;2601;1;2593;9;2601;1;2602;0;2593;9;2589;13;2586;16;2601;1;2601;1;2601;1;2602;0;2602;0;2598;4;2602;0;2595;7;2589;13
alkaloid;muscarine;w/o;439649;438678;971;430226;9423;436145;3504;417187;22462;412683;26966;439507;142;436025;3624;437048;2601;439649;0;437919;1730;439295;354;426560;13089;429248;10401;436956;2693;413541;26108;434635;5014;438549;1100;434789;4860;418404;21245;439343;306;436724;2925;436905;2744;425025;14624;439139;510;423947;15702;437297;2352;432685;6964;427474;12175;341640;98009;439633;16;434234;5415;435621;4028;430591;9058;436995;2654;431910;7739;419345;20304;436718;2931;439177;472;439372;277;425320;14329;436495;3154;438214;1435;402964;36685;425733;13916;425764;13885;434516;5133;439409;240;436631;3018;439485;164;439640;9;427764;11885;439364;285;402569;37080;415648;24001
alkaloid;muscarine;w/;181;181;0;179;2;180;1;179;2;180;1;181;0;181;0;180;1;0;181;180;1;181;0;178;3;181;0;181;0;179;2;181;0;181;0;181;0;181;0;181;0;181;0;181;0;181;0;181;0;180;1;181;0;181;0;180;1;180;1;181;0;180;1;181;0;181;0;181;0;180;1;180;1;181;0;181;0;181;0;181;0;181;0;181;0;181;0;181;0;181;0;181;0;181;0;181;0;181;0;181;0;180;1;181;0;180;1;181;0
alkaloid;oxazole;w/o;438099;437129;970;428690;9409;434612;3487;415761;22338;411192;26907;437957;142;434483;3616;435559;2540;437919;180;438099;0;437746;353;425033;13066;427709;10390;435406;2693;412114;25985;433096;5003;437001;1098;433258;4841;416918;21181;437793;306;435175;2924;435355;2744;423718;14381;437589;510;422425;15674;435751;2348;431139;6960;425940;12159;340099;98000;438083;16;432686;5413;434080;4019;429041;9058;435445;2654;430363;7736;417794;20305;435170;2929;437627;472;437822;277;423821;14278;434947;3152;436667;1432;401428;36671;424189;13910;424217;13882;432968;5131;437859;240;435081;3018;437935;164;438090;9;426221;11878;437814;285;401019;37080;414101;23998
alkaloid;oxazole;w/;1731;1730;1;1715;16;1713;18;1605;126;1671;60;1731;0;1723;8;1669;62;1730;1;0;1731;1730;1;1705;26;1720;11;1731;0;1606;125;1720;11;1729;2;1712;19;1667;64;1731;0;1730;1;1731;0;1488;243;1731;0;1702;29;1727;4;1727;4;1714;17;1721;10;1731;0;1728;3;1722;9;1731;0;1731;0;1727;4;1731;0;1729;2;1731;0;1731;0;1680;51;1729;2;1728;3;1717;14;1725;6;1728;3;1729;2;1731;0;1731;0;1731;0;1731;0;1723;8;1731;0;1730;1;1728;3
alkaloid;phenylethylamine;w/o;439476;438504;972;430053;9423;435971;3505;417022;22454;412518;26958;439335;141;435857;3619;436874;2602;439295;181;437746;1730;439476;0;426393;13083;429076;10400;436842;2634;413376;26100;434466;5010;438377;1099;434616;4860;418235;21241;439171;305;436590;2886;436767;2709;424854;14622;438966;510;423776;15700;437124;2352;432513;6963;427302;12174;341473;98003;439460;16;434061;5415;435448;4028;430419;9057;436822;2654;431736;7740;419173;20303;436545;2931;439004;472;439199;277;425148;14328;436323;3153;438041;1435;402791;36685;425560;13916;425593;13883;434343;5133;439236;240;436458;3018;439312;164;439467;9;427591;11885;439191;285;402397;37079;415478;23998
alkaloid;phenylethylamine;w/;354;355;-1;352;2;354;0;344;10;345;9;353;1;349;5;354;0;354;0;353;1;0;354;345;9;353;1;295;59;344;10;350;4;353;1;354;0;350;4;353;1;315;39;319;35;352;2;354;0;351;3;354;0;353;1;352;2;347;7;354;0;353;1;354;0;353;1;354;0;354;0;352;2;354;0;354;0;354;0;353;1;353;1;354;0;354;0;354;0;352;2;354;0;354;0;354;0;354;0;354;0;353;1;354;0;352;2;351;3
alkaloid;piperidine;w/o;426738;425766;972;417328;9410;423260;3478;404524;22214;400256;26482;426607;131;423193;3545;424208;2530;426560;178;425033;1705;426393;345;426738;0;416431;10307;424050;2688;401388;25350;422131;4607;425652;1086;422057;4681;405724;21014;426466;272;423825;2913;424006;2732;412328;14410;426256;482;411114;15624;424421;2317;419797;6941;414666;12072;328981;97757;426722;16;421332;5406;422735;4003;417684;9054;424089;2649;419025;7713;406447;20291;423815;2923;426267;471;426462;276;412432;14306;423591;3147;425303;1435;390082;36656;412870;13868;412873;13865;421613;5125;426499;239;423727;3011;426574;164;426729;9;414891;11847;426454;284;389665;37073;402764;23974
alkaloid;piperidine;w/;13092;13093;-1;13077;15;13065;27;12842;250;12607;485;13081;11;13013;79;13020;72;13089;3;13066;26;13083;9;0;13092;12998;94;13087;5;12332;760;12685;407;13078;14;12913;179;12861;231;13058;34;13080;12;13080;12;12878;214;13064;28;13013;79;13057;35;13069;23;12988;104;12839;253;13092;0;13082;10;13067;25;13088;4;13087;5;13065;27;13078;14;13084;8;13091;1;13091;1;13069;23;13085;7;13092;0;13063;29;13044;48;13072;20;13084;8;13091;1;13085;7;13092;0;13092;0;13053;39;13091;1;13084;8;13065;27
alkaloid;purine;w/o;429429;428457;972;420084;9345;425931;3498;407174;22255;402691;26738;429287;142;425854;3575;426850;2579;429248;181;427709;1720;429076;353;416431;12998;429429;0;426757;2672;403531;25898;424458;4971;428335;1094;424667;4762;408248;21181;429127;302;426529;2900;426705;2724;414886;14543;428925;504;413776;15653;427084;2345;422488;6941;417293;12136;331573;97856;429413;16;424023;5406;425417;4012;420393;9036;426793;2636;421701;7728;409150;20279;426503;2926;428957;472;429156;273;415112;14317;426283;3146;427994;1435;392771;36658;415535;13894;415568;13861;424304;5125;429190;239;426416;3013;429265;164;429420;9;417561;11868;429145;284;392385;37044;405457;23972
alkaloid;purine;w/;10401;10402;-1;10321;80;10394;7;10192;209;10172;229;10401;0;10352;49;10378;23;10401;0;10390;11;10400;1;10307;94;0;10401;10380;21;10189;212;10358;43;10395;6;10303;98;10337;64;10397;4;10376;25;10381;20;10320;81;10395;6;10351;50;10394;7;10378;23;10361;40;10247;154;10401;0;10391;10;10385;16;10379;22;10383;18;10389;12;10375;26;10396;5;10401;0;10397;4;10389;12;10393;8;10401;0;10374;27;10379;22;10377;24;10393;8;10400;1;10396;5;10401;0;10401;0;10383;18;10400;1;10364;37;10372;29
alkaloid;putrescine;w/o;437137;436165;972;427714;9423;433632;3505;414686;22451;410235;26902;436996;141;433516;3621;434535;2602;436956;181;435406;1731;436842;295;424050;13087;426757;10380;437137;0;411048;26089;432132;5005;436043;1094;432278;4859;415898;21239;436831;306;435657;1480;435599;1538;422519;14618;436634;503;421444;15693;434787;2350;430174;6963;424967;12170;339232;97905;437121;16;431723;5414;433112;4025;428087;9050;434494;2643;429399;7738;416842;20295;434206;2931;436665;472;436860;277;422811;14326;433984;3153;435703;1434;400469;36668;423228;13909;423268;13869;432007;5130;436897;240;434120;3017;436973;164;437128;9;425254;11883;436852;285;400128;37009;413147;23990
alkaloid;putrescine;w/;2693;2694;-1;2691;2;2693;0;2680;13;2628;65;2692;1;2690;3;2693;0;2693;0;2693;0;2634;59;2688;5;2672;21;0;2693;2672;21;2684;9;2687;6;2692;1;2687;6;2693;0;1248;1445;1487;1206;2687;6;2686;7;2683;10;2691;2;2692;1;2687;6;2588;105;2693;0;2691;2;2690;3;2685;8;2682;11;2691;2;2683;10;2693;0;2693;0;2693;0;2690;3;2692;1;2692;1;2676;17;2686;7;2677;16;2690;3;2693;0;2692;1;2693;0;2693;0;2690;3;2693;0;2621;72;2682;11
alkaloid;pyridine;w/o;413720;412748;972;404395;9325;410243;3477;393590;20130;387652;26068;413581;139;410289;3431;411281;2439;413541;179;412114;1606;413376;344;401388;12332;403531;10189;411048;2672;413720;0;408883;4837;412632;1088;409037;4683;393248;20472;413421;299;410805;2915;410988;2732;399933;13787;413229;491;398213;15507;411478;2242;406791;6929;401768;11952;316029;97691;413704;16;408321;5399;409732;3988;404674;9046;411073;2647;406045;7675;393443;20277;410802;2918;413249;471;413445;275;399433;14287;410583;3137;412294;1426;377114;36606;399908;13812;399981;13739;408606;5114;413481;239;410706;3014;413556;164;413711;9;401919;11801;413435;285;376694;37026;389782;23938
alkaloid;pyridine;w/;26110;26111;-1;26010;100;26082;28;23776;2334;25211;899;26107;3;25917;193;25947;163;26108;2;25985;125;26100;10;25350;760;25898;212;26089;21;0;26110;25933;177;26098;12;25933;177;25337;773;26103;7;26100;10;26098;12;25273;837;26091;19;25914;196;26000;110;26075;35;25886;224;25791;319;26110;0;26093;17;26070;40;26098;12;26103;7;26045;65;26082;28;26097;13;26109;1;26108;2;26068;42;26093;17;26101;9;26031;79;26006;104;25964;146;26091;19;26109;1;26106;4;26110;0;26110;0;26025;85;26110;0;26055;55;26047;63
alkaloid;pyrrolidine;w/o;434816;433861;955;425403;9413;431324;3492;412637;22179;408027;26789;434682;134;431232;3584;432241;2575;434635;181;433096;1720;434466;350;422131;12685;424458;10358;432132;2684;408883;25933;434816;0;433750;1066;429992;4824;413672;21144;434515;301;431898;2918;432086;2730;420282;14534;434317;499;419145;15671;432477;2339;427868;6948;422670;12146;336880;97936;434800;16;429409;5407;430803;4013;425760;9056;432164;2652;427093;7723;414521;20295;431891;2925;434344;472;434541;275;420490;14326;431666;3150;433381;1435;398156;36660;420920;13896;420942;13874;429693;5123;434578;238;431804;3012;434652;164;434807;9;422949;11867;434533;283;397740;37076;410840;23976
alkaloid;pyrrolidine;w/;5014;4998;16;5002;12;5001;13;4729;285;4836;178;5006;8;4974;40;4987;27;5014;0;5003;11;5010;4;4607;407;4971;43;5005;9;4837;177;0;5014;4980;34;4978;36;4913;101;5009;5;5007;7;5000;14;4924;90;5003;11;4982;32;5001;13;4998;16;4984;30;4940;74;5014;0;5005;9;4999;15;5012;2;5012;2;4997;17;5004;10;5008;6;5014;0;5012;2;5011;3;5010;4;5014;0;4989;25;4994;20;5003;11;5004;10;5012;2;5008;6;5014;0;5014;0;4995;19;5012;2;5009;5;4989;25
alkaloid;pyrrolizidine;w/o;438730;437760;970;429313;9417;435226;3504;416274;22456;411786;26944;438600;130;435112;3618;436129;2601;438549;181;437001;1729;438377;353;425652;13078;428335;10395;436043;2687;412632;26098;433750;4980;438730;0;433872;4858;417494;21236;438434;296;435810;2920;435989;2741;424109;14621;438223;507;423049;15681;436380;2350;431771;6959;426568;12162;340762;97968;438714;16;433320;5410;434706;4024;429683;9047;436078;2652;430991;7739;418435;20295;435800;2930;438258;472;438453;277;424402;14328;435576;3154;437296;1434;402054;36676;424823;13907;424848;13882;433601;5129;438491;239;435713;3017;438566;164;438721;9;426871;11859;438446;284;401653;37077;414740;23990
alkaloid;pyrrolizidine;w/;1100;1099;1;1092;8;1099;1;1092;8;1077;23;1088;12;1094;6;1099;1;1100;0;1098;2;1099;1;1086;14;1094;6;1094;6;1088;12;1066;34;0;1100;1098;2;1091;9;1090;10;1095;5;1097;3;1097;3;1097;3;1078;22;1098;2;1095;5;1086;14;1058;42;1100;0;1094;6;1096;4;1089;11;1098;2;1099;1;1090;10;1099;1;1100;0;1100;0;1099;1;1100;0;1099;1;1091;9;1091;9;1097;3;1096;4;1099;1;1099;1;1100;0;1100;0;1073;27;1099;1;1096;4;1089;11
alkaloid;quinazoline;w/o;434970;434015;955;425571;9399;431468;3502;412609;22361;408222;26748;434828;142;431390;3580;432390;2580;434789;181;433258;1712;434616;354;422057;12913;424667;10303;432278;2692;409037;25933;429992;4978;433872;1098;434970;0;413908;21062;434667;303;432046;2924;432227;2743;420432;14538;434463;507;419280;15690;432626;2344;428013;6957;422817;12153;336995;97975;434954;16;429557;5413;430954;4016;425914;9056;432317;2653;427238;7732;414672;20298;432044;2926;434499;471;434693;277;420647;14323;431818;3152;433535;1435;398312;36658;421066;13904;421091;13879;429840;5130;434730;240;431952;3018;434807;163;434961;9;423088;11882;434685;285;397890;37080;410984;23986
alkaloid;quinazoline;w/;4860;4844;16;4834;26;4857;3;4757;103;4641;219;4860;0;4816;44;4838;22;4860;0;4841;19;4860;0;4681;179;4762;98;4859;1;4683;177;4824;36;4858;2;0;4860;4677;183;4857;3;4859;1;4859;1;4774;86;4857;3;4847;13;4852;8;4853;7;4837;23;4825;35;4860;0;4857;3;4848;12;4858;2;4859;1;4852;8;4853;7;4855;5;4859;1;4860;0;4854;6;4858;2;4860;0;4833;27;4848;12;4854;6;4857;3;4860;0;4860;0;4859;1;4860;0;4856;4;4860;0;4859;1;4845;15
alkaloid;quinoline;w/o;418585;417628;957;409238;9347;415092;3493;396701;21884;392337;26248;418447;138;415252;3333;416036;2549;418404;181;416918;1667;418235;350;405724;12861;408248;10337;415898;2687;393248;25337;413672;4913;417494;1091;413908;4677;418585;0;418289;296;415666;2919;415847;2738;404280;14305;418079;506;402954;15631;416293;2292;411655;6930;406573;12012;320681;97904;418569;16;413191;5394;414599;3986;409530;9055;415934;2651;410875;7710;398293;20292;415667;2918;418114;471;418321;264;406394;12191;415447;3138;417158;1427;384240;34345;404695;13890;404779;13806;413462;5123;418348;237;415572;3013;418421;164;418576;9;406737;11848;418301;284;381522;37063;394611;23974
alkaloid;quinoline;w/;21245;21231;14;21167;78;21233;12;20665;580;20526;719;21241;4;20954;291;21192;53;21245;0;21181;64;21241;4;21014;231;21181;64;21239;6;20472;773;21144;101;21236;9;21062;183;0;21245;21235;10;21239;6;21239;6;20926;319;21241;4;21173;72;21185;60;21211;34;21081;164;21139;106;21245;0;21223;22;21203;42;21242;3;21242;3;21215;30;21232;13;21232;13;21244;1;21232;13;19107;2138;21229;16;21237;8;18905;2340;21219;26;21166;79;21235;10;21242;3;21240;5;21245;0;21245;0;21207;38;21244;1;21227;18;21218;27
alkaloid;quinolizidine;w/o;439524;438553;971;430100;9424;436020;3504;417065;22459;412579;26945;439399;125;435911;3613;436922;2602;439343;181;437793;1731;439171;353;426466;13058;429127;10397;436831;2693;413421;26103;434515;5009;438434;1090;434667;4857;418289;21235;439524;0;436599;2925;436780;2744;424901;14623;439018;506;423821;15703;437172;2352;432563;6961;427356;12168;341529;97995;439508;16;434113;5411;435496;4028;430467;9057;436872;2652;431786;7738;419224;20300;436593;2931;439052;472;439247;277;425195;14329;436370;3154;438089;1435;402841;36683;425610;13914;425639;13885;434392;5132;439285;239;436508;3016;439360;164;439515;9;427641;11883;439240;284;402445;37079;415531;23993
alkaloid;quinolizidine;w/;306;306;0;305;1;305;1;301;5;284;22;289;17;295;11;306;0;306;0;306;0;305;1;272;34;302;4;306;0;299;7;301;5;296;10;303;3;296;10;0;306;306;0;306;0;305;1;302;4;306;0;306;0;303;3;298;8;291;15;306;0;301;5;306;0;305;1;304;2;304;2;301;5;306;0;306;0;306;0;306;0;306;0;306;0;304;2;304;2;306;0;305;1;305;1;304;2;306;0;306;0;303;3;305;1;304;2;298;8
alkaloid;spermidine;w/o;436905;435945;960;427483;9422;433400;3505;414447;22458;410002;26903;436764;141;433283;3622;434304;2601;436724;181;435175;1730;436590;315;423825;13080;426529;10376;435657;1248;410805;26100;431898;5007;435810;1095;432046;4859;415666;21239;436599;306;436905;0;435779;1126;422288;14617;436395;510;421209;15696;434554;2351;429941;6964;424732;12173;339003;97902;436889;16;431490;5415;432885;4020;427860;9045;434258;2647;429168;7737;416611;20294;433974;2931;436433;472;436628;277;422581;14324;433755;3150;435470;1435;400235;36670;423001;13904;423030;13875;431773;5132;436665;240;433887;3018;436741;164;436896;9;425023;11882;436620;285;399889;37016;412914;23991
alkaloid;spermidine;w/;2925;2914;11;2922;3;2925;0;2919;6;2861;64;2924;1;2923;2;2924;1;2925;0;2924;1;2886;39;2913;12;2900;25;1480;1445;2915;10;2918;7;2920;5;2924;1;2919;6;2925;0;0;2925;1307;1618;2918;7;2925;0;2918;7;2924;1;2925;0;2922;3;2817;108;2925;0;2924;1;2917;8;2912;13;2918;7;2922;3;2914;11;2925;0;2925;0;2925;0;2920;5;2921;4;2925;0;2910;15;2913;12;2915;10;2924;1;2925;0;2925;0;2925;0;2925;0;2921;4;2925;0;2860;65;2915;10
alkaloid;spermine;w/o;437086;436126;960;427663;9423;433582;3504;414644;22442;410166;26920;436944;142;433466;3620;434486;2600;436905;181;435355;1731;436767;319;424006;13080;426705;10381;435599;1487;410988;26098;432086;5000;435989;1097;432227;4859;415847;21239;436780;306;435779;1307;437086;0;422467;14619;436576;510;421390;15696;434736;2350;430125;6961;424914;12172;339144;97942;437070;16;431671;5415;433060;4026;428033;9053;434436;2650;429348;7738;416786;20300;434156;2930;436614;472;436809;277;422758;14328;433933;3153;435651;1435;400410;36676;423188;13898;423211;13875;431954;5132;436846;240;434069;3017;436922;164;437077;9;425203;11883;436801;285;400052;37034;413099;23987
alkaloid;spermine;w/;2744;2733;11;2742;2;2743;1;2722;22;2697;47;2744;0;2740;4;2742;2;2744;0;2744;0;2709;35;2732;12;2724;20;1538;1206;2732;12;2730;14;2741;3;2743;1;2738;6;2744;0;1126;1618;0;2744;2739;5;2744;0;2737;7;2742;2;2741;3;2740;4;2676;68;2744;0;2743;1;2742;2;2739;5;2740;4;2742;2;2739;5;2743;1;2744;0;2744;0;2743;1;2743;1;2744;0;2735;9;2726;18;2734;10;2743;1;2744;0;2743;1;2744;0;2744;0;2741;3;2744;0;2697;47;2730;14
alkaloid;thiazole;w/o;425206;424246;960;415856;9350;421740;3466;403344;21862;398714;26492;425065;141;421634;3572;422696;2510;425025;181;423718;1488;424854;352;412328;12878;414886;10320;422519;2687;399933;25273;420282;4924;424109;1097;420432;4774;404280;20926;424901;305;422288;2918;422467;2739;425206;0;424700;506;409608;15598;422910;2296;418276;6930;413311;11895;327382;97824;425190;16;419806;5400;421207;3999;416156;9050;422554;2652;417521;7685;404921;20285;422280;2926;424737;469;424930;276;410949;14257;422067;3139;423776;1430;388572;36634;411370;13836;411379;13827;420088;5118;424966;240;422191;3015;425042;164;425197;9;413387;11819;424921;285;388151;37055;401256;23950
alkaloid;thiazole;w/;14624;14613;11;14549;75;14585;39;14022;602;14149;475;14623;1;14572;52;14532;92;14624;0;14381;243;14622;2;14410;214;14543;81;14618;6;13787;837;14534;90;14621;3;14538;86;14305;319;14623;1;14617;7;14619;5;0;14624;14620;4;14519;105;14568;56;14590;34;14343;281;14438;186;14624;0;14608;16;14595;29;14616;8;14622;2;14569;55;14604;20;14619;5;14621;3;14623;1;14552;72;14609;15;14619;5;14573;51;14544;80;14566;58;14609;15;14624;0;14621;3;14624;0;14624;0;14557;67;14624;0;14598;26;14573;51
alkaloid;tropane;w/o;439320;438349;971;429898;9422;435816;3504;416861;22459;412374;26946;439180;140;435707;3613;436718;2602;439139;181;437589;1731;438966;354;426256;13064;428925;10395;436634;2686;413229;26091;434317;5003;438223;1097;434463;4857;418079;21241;439018;302;436395;2925;436576;2744;424700;14620;439320;0;423621;15699;436968;2352;432360;6960;427149;12171;341330;97990;439304;16;433906;5414;435293;4027;430268;9052;436669;2651;431582;7738;419026;20294;436390;2930;438848;472;439043;277;424991;14329;436166;3154;437885;1435;402637;36683;425406;13914;425436;13884;434188;5132;439081;239;436304;3016;439157;163;439311;9;427437;11883;439036;284;402246;37074;415329;23991
alkaloid;tropane;w/;510;510;0;507;3;509;1;505;5;489;21;508;2;499;11;510;0;510;0;510;0;510;0;482;28;504;6;503;7;491;19;499;11;507;3;507;3;506;4;506;4;510;0;510;0;506;4;0;510;506;4;510;0;506;4;505;5;490;20;510;0;508;2;509;1;504;6;507;3;508;2;499;11;509;1;510;0;510;0;510;0;510;0;510;0;508;2;508;2;509;1;509;1;509;1;508;2;509;1;510;0;507;3;509;1;503;7;500;10
lactones;lactones/strigolactones;w/o;424127;423161;966;414726;9401;420666;3461;401745;22382;397371;26756;423985;142;420522;3605;421555;2572;423947;180;422425;1702;423776;351;411114;13013;413776;10351;421444;2683;398213;25914;419145;4982;423049;1078;419280;4847;402954;21173;423821;306;421209;2918;421390;2737;409608;14519;423621;506;424127;0;421787;2340;417221;6906;412198;11929;326703;97424;424111;16;418858;5269;420128;3999;415140;8987;421505;2622;416410;7717;403937;20190;421235;2892;423797;330;423856;271;410305;13822;421054;3073;422715;1412;387509;36618;410330;13797;410282;13845;419319;4808;423888;239;421147;2980;423973;154;424118;9;414816;9311;423859;268;387181;36946;400425;23702
lactones;lactones/strigolactones;w/;15703;15698;5;15679;24;15659;44;15621;82;15492;211;15703;0;15684;19;15673;30;15702;1;15674;29;15700;3;15624;79;15653;50;15693;10;15507;196;15671;32;15681;22;15690;13;15631;72;15703;0;15696;7;15696;7;15598;105;15699;4;0;15703;15691;12;15645;58;15456;247;15117;586;15703;0;15556;147;15674;29;15632;71;15671;32;15680;23;15588;115;15664;39;15561;142;15697;6;15196;507;15622;81;15680;23;15636;67;15584;119;15663;40;15378;325;15702;1;15665;38;15693;10;15703;0;13128;2575;15686;17;15568;135;15404;299
phenolic compound;acetophenone;w/o;437478;436515;963;428061;9417;433974;3504;415058;22420;410563;26915;437336;142;433866;3612;434893;2585;437297;181;435751;1727;437124;354;424421;13057;427084;10394;434787;2691;411478;26000;432477;5001;436380;1098;432626;4852;416293;21185;437172;306;434554;2924;434736;2742;422910;14568;436968;510;421787;15691;437478;0;430524;6954;425340;12138;339550;97928;437462;16;432074;5404;433452;4026;428431;9047;434829;2649;429751;7727;417188;20290;434551;2927;437006;472;437201;277;423153;14325;434327;3151;436044;1434;400807;36671;423567;13911;423600;13878;432351;5127;437238;240;434466;3012;437315;163;437469;9;425617;11861;437193;285;400405;37073;413485;23993
phenolic compound;acetophenone;w/;2352;2344;8;2344;8;2351;1;2308;44;2300;52;2352;0;2340;12;2335;17;2352;0;2348;4;2352;0;2317;35;2345;7;2350;2;2242;110;2339;13;2350;2;2344;8;2292;60;2352;0;2351;1;2350;2;2296;56;2352;0;2340;12;0;2352;2342;10;2314;38;2270;82;2352;0;2340;12;2350;2;2341;11;2347;5;2339;13;2337;15;2348;4;2352;0;2352;0;2348;4;2349;3;2351;1;2338;14;2347;5;2345;7;2346;6;2352;0;2346;6;2351;1;2352;0;2327;25;2352;0;2344;8;2344;8
phenolic compound;anthraquinone;w/o;432866;431896;970;423451;9415;429368;3498;410450;22416;405962;26904;432726;140;429276;3590;430267;2599;432685;181;431139;1727;432513;353;419797;13069;422488;10378;430174;2692;406791;26075;427868;4998;431771;1095;428013;4853;411655;21211;432563;303;429941;2925;430125;2741;418276;14590;432360;506;417221;15645;430524;2342;432866;0;421042;11824;336383;96483;432850;16;427506;5360;429015;3851;423851;9015;430225;2641;425215;7651;413829;19037;430040;2826;432394;472;432590;276;418550;14316;429713;3153;431433;1433;396259;36607;419167;13699;419007;13859;427754;5112;432628;238;429853;3013;432702;164;432857;9;421011;11855;432584;282;395844;37022;410140;22726
phenolic compound;anthraquinone;w/;6964;6963;1;6954;10;6957;7;6916;48;6901;63;6962;2;6930;34;6961;3;6964;0;6960;4;6963;1;6941;23;6941;23;6963;1;6929;35;6948;16;6959;5;6957;7;6930;34;6961;3;6964;0;6961;3;6930;34;6960;4;6906;58;6954;10;0;6964;6612;352;5437;1527;6964;0;6908;56;6787;177;6921;43;6951;13;6875;89;5696;1268;6859;105;6964;0;6963;1;6951;13;6963;1;6962;2;6886;78;6747;217;6938;26;6943;21;6962;2;6959;5;6964;0;6964;0;6933;31;6961;3;6905;59;5689;1275
phenolic compound;coumarin;w/o;427654;426690;964;418294;9360;424155;3499;405308;22346;400865;26789;427513;141;424074;3580;425085;2569;427474;180;425940;1714;427302;352;414666;12988;417293;10361;424967;2687;401768;25886;422670;4984;426568;1086;422817;4837;406573;21081;427356;298;424732;2922;424914;2740;413311;14343;427149;505;412198;15456;425340;2314;421042;6612;427654;0;331781;95873;427638;16;422510;5144;423679;3975;418825;8829;425074;2580;420038;7616;408467;19187;424817;2837;427184;470;427380;274;413343;14311;424503;3151;426221;1433;391095;36559;414006;13648;413806;13848;422568;5086;427419;235;424684;2970;427492;162;427645;9;416048;11606;427371;283;390685;36969;404715;22939
phenolic compound;coumarin;w/;12176;12169;7;12111;65;12170;6;12058;118;11998;178;12175;1;12132;44;12143;33;12175;1;12159;17;12174;2;12072;104;12136;40;12170;6;11952;224;12146;30;12162;14;12153;23;12012;164;12168;8;12173;3;12172;4;11895;281;12171;5;11929;247;12138;38;11824;352;0;12176;10039;2137;12176;0;11904;272;12123;53;11947;229;12102;74;12052;124;11058;1118;12082;94;12174;2;12173;3;12158;18;12173;3;12174;2;12050;126;11908;268;12139;37;12129;47;12171;5;12128;48;12174;2;12176;0;11896;280;12174;2;12064;112;11114;1062
phenolic compound;flavonoids/biflavonoids/anthocyanin;w/o;341820;340857;963;332505;9315;338331;3489;319766;22054;315467;26353;341682;138;338264;3556;339233;2587;341640;180;340099;1721;341473;347;328981;12839;331573;10247;339232;2588;316029;25791;336880;4940;340762;1058;336995;4825;320681;21139;341529;291;339003;2817;339144;2676;327382;14438;341330;490;326703;15117;339550;2270;336383;5437;331781;10039;341820;0;341806;14;337280;4540;337888;3932;338018;3802;340151;1669;334937;6883;334235;7585;339266;2554;341369;451;341544;276;327525;14295;338690;3130;340392;1428;305495;36325;329391;12429;328425;13395;336971;4849;341588;232;338964;2856;341677;143;341813;7;330735;11085;341539;281;309255;32565;326242;15578
phenolic compound;flavonoids/biflavonoids/anthocyanin;w/;98010;98002;8;97900;110;97994;16;97600;410;97396;614;98006;4;97942;68;97995;15;98009;1;98000;10;98003;7;97757;253;97856;154;97905;105;97691;319;97936;74;97968;42;97975;35;97904;106;97995;15;97902;108;97942;68;97824;186;97990;20;97424;586;97928;82;96483;1527;95873;2137;0;98010;98008;2;97134;876;97914;96;92754;5256;97025;985;97153;857;85290;12720;97633;377;97989;21;98009;1;97976;34;97986;24;98003;7;97650;360;96523;1487;97520;490;97726;284;98002;8;97848;162;97989;21;98008;2;97209;801;98006;4;93494;4516;89587;8423
phenolic compound;isoflavanoids;w/o;439814;438843;971;430389;9425;436309;3505;417350;22464;412848;26966;439672;142;436190;3624;437212;2602;439633;181;438083;1731;439460;354;426722;13092;429413;10401;437121;2693;413704;26110;434800;5014;438714;1100;434954;4860;418569;21245;439508;306;436889;2925;437070;2744;425190;14624;439304;510;424111;15703;437462;2352;432850;6964;427638;12176;341806;98008;439814;0;434398;5416;435786;4028;430756;9058;437160;2654;432074;7740;419509;20305;436883;2931;439342;472;439537;277;425485;14329;436660;3154;438379;1435;403129;36685;425898;13916;425929;13885;434681;5133;439574;240;436796;3018;439650;164;439805;9;427928;11886;439529;285;402733;37081;415814;24000
phenolic compound;isoflavanoids;w/;16;16;0;16;0;16;0;16;0;15;1;16;0;16;0;16;0;16;0;16;0;16;0;16;0;16;0;16;0;16;0;16;0;16;0;16;0;16;0;16;0;16;0;16;0;16;0;16;0;16;0;16;0;16;0;16;0;14;2;0;16;16;0;16;0;16;0;16;0;16;0;16;0;16;0;16;0;16;0;16;0;16;0;16;0;16;0;16;0;16;0;16;0;16;0;16;0;16;0;16;0;16;0;16;0;16;0;15;1
phenolic compound;lignans;w/o;434414;433443;971;425008;9406;430915;3499;411980;22434;407491;26923;434273;141;430805;3609;431817;2597;434234;180;432686;1728;434061;353;421332;13082;424023;10391;431723;2691;408321;26093;429409;5005;433320;1094;429557;4857;413191;21223;434113;301;431490;2924;431671;2743;419806;14608;433906;508;418858;15556;432074;2340;427506;6908;422510;11904;337280;97134;434398;16;434414;0;430404;4010;425593;8821;431895;2519;426832;7582;414265;20149;431521;2893;433944;470;434137;277;420094;14320;431261;3153;432979;1435;397738;36676;420586;13828;420543;13871;429349;5065;434176;238;431414;3000;434258;156;434405;9;422681;11733;434130;284;397398;37016;410637;23777
phenolic compound;lignans;w/;5416;5416;0;5397;19;5410;6;5386;30;5372;44;5415;1;5401;15;5411;5;5415;1;5413;3;5415;1;5406;10;5406;10;5414;2;5399;17;5407;9;5410;6;5413;3;5394;22;5411;5;5415;1;5415;1;5400;16;5414;2;5269;147;5404;12;5360;56;5144;272;4540;876;5416;0;0;5416;5398;18;5179;237;5281;135;5258;158;5260;156;5378;38;5414;2;5416;0;5407;9;5415;1;5416;0;5407;9;5328;88;5402;14;5348;68;5414;2;5398;18;5408;8;5416;0;5263;153;5415;1;5351;65;5192;224
phenolic compound;naphthoquinone;w/o;435802;434832;970;426386;9416;432300;3502;413459;22343;408878;26924;435660;142;432189;3613;433211;2591;435621;181;434080;1722;435448;354;422735;13067;425417;10385;433112;2690;409732;26070;430803;4999;434706;1096;430954;4848;414599;21203;435496;306;432885;2917;433060;2742;421207;14595;435293;509;420128;15674;433452;2350;429015;6787;423679;12123;337888;97914;435786;16;430404;5398;435802;0;426755;9047;433158;2644;428075;7727;415525;20277;432889;2913;435330;472;435529;273;421487;14315;432651;3151;434369;1433;399146;36656;421902;13900;421927;13875;430682;5120;435562;240;432789;3013;435638;164;435793;9;423944;11858;435519;283;398732;37070;411844;23958
phenolic compound;naphthoquinone;w/;4028;4027;1;4019;9;4025;3;3907;121;3985;43;4028;0;4017;11;4017;11;4028;0;4019;9;4028;0;4003;25;4012;16;4025;3;3988;40;4013;15;4024;4;4016;12;3986;42;4028;0;4020;8;4026;2;3999;29;4027;1;3999;29;4026;2;3851;177;3975;53;3932;96;4028;0;4010;18;0;4028;4017;11;4018;10;4015;13;4000;28;4010;18;4028;0;4024;4;4014;14;4025;3;4026;2;3999;29;4012;16;4018;10;4015;13;4028;0;4023;5;4028;0;4028;0;4000;28;4026;2;4017;11;3985;43
phenolic compound;phenolic acid;w/o;430772;429803;969;421357;9415;427267;3505;408314;22458;403861;26911;430630;142;427157;3615;428170;2602;430591;181;429041;1731;430419;353;417684;13088;420393;10379;428087;2685;404674;26098;425760;5012;429683;1089;425914;4858;409530;21242;430467;305;427860;2912;428033;2739;416156;14616;430268;504;415140;15632;428431;2341;423851;6921;418825;11947;338018;92754;430756;16;425593;5179;426755;4017;430772;0;428250;2522;423223;7549;411163;19609;427876;2896;430303;469;430495;277;416443;14329;427618;3154;429337;1435;394099;36673;416951;13821;416945;13827;425670;5102;430533;239;427777;2995;430611;161;430763;9;418986;11786;430488;284;394125;36647;406998;23774
phenolic compound;phenolic acid;w/;9058;9056;2;9048;10;9058;0;9052;6;9002;56;9058;0;9049;9;9058;0;9058;0;9058;0;9057;1;9054;4;9036;22;9050;8;9046;12;9056;2;9047;11;9056;2;9055;3;9057;1;9045;13;9053;5;9050;8;9052;6;8987;71;9047;11;9015;43;8829;229;3802;5256;9058;0;8821;237;9047;11;0;9058;8926;132;8867;191;8362;696;9023;35;9055;3;9058;0;9058;0;9058;0;9058;0;9046;12;8963;95;9000;58;9027;31;9057;1;9035;23;9055;3;9058;0;8958;100;9057;1;8624;434;8831;227
phenolic compound;phenylpropanoid;w/o;437176;436206;970;427751;9425;433674;3502;414716;22460;410254;26922;437034;142;433561;3615;434574;2602;436995;181;435445;1731;436822;354;424089;13087;426793;10383;434494;2682;411073;26103;432164;5012;436078;1098;432317;4859;415934;21242;436872;304;434258;2918;434436;2740;422554;14622;436669;507;421505;15671;434829;2347;430225;6951;425074;12102;340151;97025;437160;16;431895;5281;433158;4018;428250;8926;437176;0;429484;7692;416918;20258;434255;2921;436705;471;436899;277;422852;14324;434022;3154;435741;1435;400494;36682;423280;13896;423305;13871;432067;5109;436942;234;434194;2982;437014;162;437167;9;425373;11803;436892;284;400181;36995;413225;23951
phenolic compound;phenylpropanoid;w/;2654;2653;1;2654;0;2651;3;2650;4;2609;45;2654;0;2645;9;2654;0;2654;0;2654;0;2654;0;2649;5;2636;18;2643;11;2647;7;2652;2;2652;2;2653;1;2651;3;2652;2;2647;7;2650;4;2652;2;2651;3;2622;32;2649;5;2641;13;2580;74;1669;985;2654;0;2519;135;2644;10;2522;132;0;2654;2606;48;2607;47;2644;10;2653;1;2654;0;2649;5;2654;0;2654;0;2651;3;2634;20;2640;14;2630;24;2648;6;2618;36;2652;2;2654;0;2571;83;2653;1;2568;86;2604;50
phenolic compound;stilbene;w/o;432090;431123;967;422759;9331;428588;3502;409683;22407;405186;26904;431948;142;428476;3614;429500;2590;431910;180;430363;1727;431736;354;419025;13065;421701;10389;429399;2691;406045;26045;427093;4997;430991;1099;427238;4852;410875;21215;431786;304;429168;2922;429348;2742;417521;14569;431582;508;416410;15680;429751;2339;425215;6875;420038;12052;334937;97153;432074;16;426832;5258;428075;4015;423223;8867;429484;2606;432090;0;411902;20188;429180;2910;431619;471;431813;277;417773;14317;428942;3148;430658;1432;395418;36672;418232;13858;418221;13869;426972;5118;431853;237;429078;3012;431927;163;432081;9;420242;11848;431805;285;395062;37028;408143;23947
phenolic compound;stilbene;w/;7740;7736;4;7646;94;7737;3;7683;57;7677;63;7740;0;7730;10;7728;12;7739;1;7736;4;7740;0;7713;27;7728;12;7738;2;7675;65;7723;17;7739;1;7732;8;7710;30;7738;2;7737;3;7738;2;7685;55;7738;2;7717;23;7727;13;7651;89;7616;124;6883;857;7740;0;7582;158;7727;13;7549;191;7692;48;0;7740;7623;117;7719;21;7739;1;7740;0;7728;12;7734;6;7737;3;7727;13;7682;58;7724;16;7725;15;7737;3;7734;6;7739;1;7740;0;7702;38;7740;0;7687;53;7686;54
phenolic compound;tannin;w/o;419525;418555;970;410118;9407;416023;3502;397083;22442;392642;26883;419385;140;415920;3605;416923;2602;419345;180;417794;1731;419173;352;406447;13078;409150;10375;416842;2683;393443;26082;414521;5004;418435;1090;414672;4853;398293;21232;419224;301;416611;2914;416786;2739;404921;14604;419026;499;403937;15588;417188;2337;413829;5696;408467;11058;334235;85290;419509;16;414265;5260;415525;4000;411163;8362;416918;2607;411902;7623;419525;0;416690;2835;419057;468;419248;277;405203;14322;416373;3152;418093;1432;383059;36466;406472;13053;405720;13805;414470;5055;419288;237;416548;2977;419366;159;419518;7;407794;11731;419242;283;382986;36539;402246;17279
phenolic compound;tannin;w/;20305;20304;1;20287;18;20302;3;20283;22;20221;84;20303;2;20286;19;20305;0;20304;1;20305;0;20303;2;20291;14;20279;26;20295;10;20277;28;20295;10;20295;10;20298;7;20292;13;20300;5;20294;11;20300;5;20285;20;20294;11;20190;115;20290;15;19037;1268;19187;1118;7585;12720;20305;0;20149;156;20277;28;19609;696;20258;47;20188;117;0;20305;20209;96;20301;4;20305;0;20298;7;20303;2;20302;3;20086;219;19442;863;20225;80;20227;78;20302;3;20264;41;20300;5;20303;2;20150;155;20303;2;19763;542;13583;6722
phenolic compound;xanthone;w/o;436899;435929;970;427478;9421;433398;3501;414453;22446;409953;26946;436757;142;433282;3617;434297;2602;436718;181;435170;1729;436545;354;423815;13084;426503;10396;434206;2693;410802;26097;431891;5008;435800;1099;432044;4855;415667;21232;436593;306;433974;2925;434156;2743;422280;14619;436390;509;421235;15664;434551;2348;430040;6859;424817;12082;339266;97633;436883;16;431521;5378;432889;4010;427876;9023;434255;2644;429180;7719;416690;20209;436899;0;436427;472;436622;277;422571;14328;433747;3152;435464;1435;400225;36674;423013;13886;423020;13879;431770;5129;436659;240;433882;3017;436735;164;436890;9;425041;11858;436614;285;399837;37062;413012;23887
phenolic compound;xanthone;w/;2931;2930;1;2927;4;2927;4;2913;18;2910;21;2931;0;2924;7;2931;0;2931;0;2929;2;2931;0;2923;8;2926;5;2931;0;2918;13;2925;6;2930;1;2926;5;2918;13;2931;0;2931;0;2930;1;2926;5;2930;1;2892;39;2927;4;2826;105;2837;94;2554;377;2931;0;2893;38;2913;18;2896;35;2921;10;2910;21;2835;96;0;2931;2931;0;2931;0;2930;1;2929;2;2931;0;2920;11;2901;30;2925;6;2927;4;2931;0;2930;1;2931;0;2931;0;2903;28;2931;0;2912;19;2817;114
polyketide;acetogenin;w/o;439358;438387;971;429933;9425;435853;3505;416897;22461;412395;26963;439216;142;435737;3621;436757;2601;439177;181;437627;1731;439004;354;426267;13091;428957;10401;436665;2693;413249;26109;434344;5014;438258;1100;434499;4859;418114;21244;439052;306;436433;2925;436614;2744;424737;14621;438848;510;423797;15561;437006;2352;432394;6964;427184;12174;341369;97989;439342;16;433944;5414;435330;4028;430303;9055;436705;2653;431619;7739;419057;20301;436427;2931;439358;0;439081;277;425031;14327;436204;3154;437927;1431;402673;36685;425446;13912;425473;13885;434230;5128;439118;240;436340;3018;439195;163;439349;9;427486;11872;439073;285;402280;37078;415367;23991
polyketide;acetogenin;w/;472;472;0;472;0;472;0;469;3;468;4;472;0;469;3;471;1;472;0;472;0;472;0;471;1;472;0;472;0;471;1;472;0;472;0;471;1;471;1;472;0;472;0;472;0;469;3;472;0;330;142;472;0;472;0;470;2;451;21;472;0;470;2;472;0;469;3;471;1;471;1;468;4;472;0;0;472;472;0;470;2;472;0;468;4;472;0;468;4;472;0;467;5;472;0;472;0;471;1;472;0;458;14;472;0;469;3;462;10
polyketide;ansamycin;w/o;439553;438582;971;430129;9424;436048;3505;417090;22463;412588;26965;439411;142;435929;3624;436952;2601;439372;181;437822;1731;439199;354;426462;13091;429156;10397;436860;2693;413445;26108;434541;5012;438453;1100;434693;4860;418321;21232;439247;306;436628;2925;436809;2744;424930;14623;439043;510;423856;15697;437201;2352;432590;6963;427380;12173;341544;98009;439537;16;434137;5416;435529;4024;430495;9058;436899;2654;431813;7740;419248;20305;436622;2931;439081;472;439553;0;425263;14290;436403;3150;438118;1435;402897;36656;425637;13916;425668;13885;434420;5133;439313;240;436535;3018;439389;164;439544;9;427669;11884;439268;285;402472;37081;415552;24001
polyketide;ansamycin;w/;277;277;0;276;1;277;0;276;1;275;2;277;0;277;0;276;1;277;0;277;0;277;0;276;1;273;4;277;0;275;2;275;2;277;0;277;0;264;13;277;0;277;0;277;0;276;1;277;0;271;6;277;0;276;1;274;3;276;1;277;0;277;0;273;4;277;0;277;0;277;0;277;0;277;0;277;0;0;277;238;39;273;4;277;0;248;29;277;0;277;0;277;0;277;0;277;0;277;0;277;0;275;2;277;0;277;0;277;0
polyketide;macrolide;w/o;425501;424534;967;416138;9363;422015;3486;403246;22255;398582;26919;425359;142;421886;3615;422908;2593;425320;181;423821;1680;425148;353;412432;13069;415112;10389;422811;2690;399433;26068;420490;5011;424402;1099;420647;4854;406394;19107;425195;306;422581;2920;422758;2743;410949;14552;424991;510;410305;15196;423153;2348;418550;6951;413343;12158;327525;97976;425485;16;420094;5407;421487;4014;416443;9058;422852;2649;417773;7728;405203;20298;422571;2930;425031;470;425263;238;425501;0;422765;2736;424102;1399;392647;32854;411653;13848;411726;13775;420390;5111;425261;240;422484;3017;425337;164;425492;9;413645;11856;425218;283;388430;37071;401522;23979
polyketide;macrolide;w/;14329;14325;4;14267;62;14310;19;14120;209;14281;48;14329;0;14320;9;14320;9;14329;0;14278;51;14328;1;14306;23;14317;12;14326;3;14287;42;14326;3;14328;1;14323;6;12191;2138;14329;0;14324;5;14328;1;14257;72;14329;0;13822;507;14325;4;14316;13;14311;18;14295;34;14329;0;14320;9;14315;14;14329;0;14324;5;14317;12;14322;7;14328;1;14327;2;14290;39;0;14329;13911;418;14293;36;10498;3831;14261;68;14219;110;14307;22;14329;0;14328;1;14329;0;14329;0;14299;30;14327;2;14319;10;14307;22
polyketide;polyene;w/o;436676;435708;968;427261;9415;433181;3495;414326;22350;409719;26957;436534;142;433053;3623;434075;2601;436495;181;434947;1729;436323;353;423591;13085;426283;10393;433984;2692;410583;26093;431666;5010;435576;1100;431818;4858;415447;21229;436370;306;433755;2921;433933;2743;422067;14609;436166;510;421054;15622;434327;2349;429713;6963;424503;12173;338690;97986;436660;16;431261;5415;432651;4025;427618;9058;434022;2654;428942;7734;416373;20303;433747;2929;436204;472;436403;273;422765;13911;436676;0;435247;1429;400018;36658;422953;13723;422795;13881;431548;5128;436436;240;433658;3018;436513;163;436667;9;424796;11880;436391;285;399864;36812;412693;23983
polyketide;polyene;w/;3154;3151;3;3144;10;3144;10;3040;114;3144;10;3154;0;3153;1;3153;1;3154;0;3152;2;3153;1;3147;7;3146;8;3153;1;3137;17;3150;4;3154;0;3152;2;3138;16;3154;0;3150;4;3153;1;3139;15;3154;0;3073;81;3151;3;3153;1;3151;3;3130;24;3154;0;3153;1;3151;3;3154;0;3154;0;3148;6;3152;2;3152;2;3154;0;3150;4;2736;418;0;3154;3148;6;3127;27;2961;193;3150;4;3149;5;3154;0;3154;0;3153;1;3154;0;3148;6;3154;0;2885;269;3136;18
polyketide;polyether;w/o;438395;437425;970;428974;9421;434891;3504;415938;22457;411433;26962;438253;142;434771;3624;435793;2602;438214;181;436667;1728;438041;354;425303;13092;427994;10401;435703;2692;412294;26101;433381;5014;437296;1099;433535;4860;417158;21237;438089;306;435470;2925;435651;2744;423776;14619;437885;510;422715;15680;436044;2351;431433;6962;426221;12174;340392;98003;438379;16;432979;5416;434369;4026;429337;9058;435741;2654;430658;7737;418093;20302;435464;2931;437927;468;438118;277;424102;14293;435247;3148;438395;0;401720;36675;424479;13916;424523;13872;433263;5132;438155;240;435377;3018;438231;164;438386;9;426509;11886;438110;285;401315;37080;414402;23993
polyketide;polyether;w/;1435;1434;1;1431;4;1434;1;1428;7;1430;5;1435;0;1435;0;1435;0;1435;0;1432;3;1435;0;1435;0;1435;0;1434;1;1426;9;1435;0;1434;1;1435;0;1427;8;1435;0;1435;0;1435;0;1430;5;1435;0;1412;23;1434;1;1433;2;1433;2;1428;7;1435;0;1435;0;1433;2;1435;0;1435;0;1432;3;1432;3;1435;0;1431;4;1435;0;1399;36;1429;6;0;1435;1425;10;1435;0;1422;13;1434;1;1435;0;1435;0;1435;0;1435;0;1435;0;1435;0;1434;1;1427;8
polyketide;tetracycline;w/o;403145;402177;968;393841;9304;399656;3489;380861;22284;376376;26769;403003;142;399534;3611;400552;2593;402964;181;401428;1717;402791;354;390082;13063;392771;10374;400469;2676;377114;26031;398156;4989;402054;1091;398312;4833;384240;18905;402841;304;400235;2910;400410;2735;388572;14573;402637;508;387509;15636;400807;2338;396259;6886;391095;12050;305495;97650;403129;16;397738;5407;399146;3999;394099;9046;400494;2651;395418;7727;383059;20086;400225;2920;402673;472;402897;248;392647;10498;400018;3127;401720;1425;403145;0;389280;13865;389497;13648;398044;5101;402907;238;400151;2994;402981;164;403136;9;391321;11824;402861;284;366112;37033;379339;23806
polyketide;tetracycline;w/;36685;36682;3;36564;121;36669;16;36505;180;36487;198;36685;0;36672;13;36676;9;36685;0;36671;14;36685;0;36656;29;36658;27;36668;17;36606;79;36660;25;36676;9;36658;27;34345;2340;36683;2;36670;15;36676;9;36634;51;36683;2;36618;67;36671;14;36607;78;36559;126;36325;360;36685;0;36676;9;36656;29;36673;12;36682;3;36672;13;36466;219;36674;11;36685;0;36656;29;32854;3831;36658;27;36675;10;0;36685;36634;51;36448;237;36653;32;36683;2;36661;24;36685;0;36685;0;36623;62;36684;1;36637;48;36490;195
sterols;sterols/cardenolides;w/o;425914;424955;959;416498;9416;422419;3495;403637;22277;399051;26863;425772;142;422309;3605;423325;2589;425733;181;424189;1725;425560;354;412870;13044;415535;10379;423228;2686;399908;26006;420920;4994;424823;1091;421066;4848;404695;21219;425610;304;423001;2913;423188;2726;411370;14544;425406;508;410330;15584;423567;2347;419167;6747;414006;11908;329391;96523;425898;16;420586;5328;421902;4012;416951;8963;423280;2634;418232;7682;406472;19442;423013;2901;425446;468;425637;277;411653;14261;422953;2961;424479;1435;389280;36634;425914;0;412064;13850;420847;5067;425677;237;422928;2986;425752;162;425906;8;414150;11764;425631;283;389241;36673;403131;22783
sterols;sterols/cardenolides;w/;13916;13904;12;13907;9;13906;10;13729;187;13812;104;13916;0;13897;19;13903;13;13916;0;13910;6;13916;0;13868;48;13894;22;13909;7;13812;104;13896;20;13907;9;13904;12;13890;26;13914;2;13904;12;13898;18;13836;80;13914;2;13797;119;13911;5;13699;217;13648;268;12429;1487;13916;0;13828;88;13900;16;13821;95;13896;20;13858;58;13053;863;13886;30;13912;4;13916;0;13848;68;13723;193;13916;0;13865;51;0;13916;13881;35;13850;66;13913;3;13884;32;13914;2;13915;1;13794;122;13914;2;13508;408;12698;1218
sulphur compounds;sulphur compounds/glucosinolates;w/o;425945;424975;970;416524;9421;422461;3484;403551;22394;399262;26683;425804;141;422329;3616;423359;2586;425764;181;424217;1728;425593;352;412873;13072;415568;10377;423268;2677;399981;25964;420942;5003;424848;1097;421091;4854;404779;21166;425639;306;423030;2915;423211;2734;411379;14566;425436;509;410282;15663;423600;2345;419007;6938;413806;12139;328425;97520;425929;16;420543;5402;421927;4018;416945;9000;423305;2640;418221;7724;405720;20225;423020;2925;425473;472;425668;277;411726;14219;422795;3150;424523;1422;389497;36448;412064;13881;425945;0;420814;5131;425705;240;422932;3013;425784;161;425936;9;414078;11867;425660;285;389070;36875;401991;23954
sulphur compounds;sulphur compounds/glucosinolates;w/;13885;13884;1;13881;4;13864;21;13815;70;13601;284;13884;1;13877;8;13869;16;13885;0;13882;3;13883;2;13865;20;13861;24;13869;16;13739;146;13874;11;13882;3;13879;6;13806;79;13885;0;13875;10;13875;10;13827;58;13884;1;13845;40;13878;7;13859;26;13848;37;13395;490;13885;0;13871;14;13875;10;13827;58;13871;14;13869;16;13805;80;13879;6;13885;0;13885;0;13775;110;13881;4;13872;13;13648;237;13850;35;0;13885;13883;2;13885;0;13880;5;13882;3;13885;0;13866;19;13885;0;13679;206;13838;47
terpenoid/terpene;diterpene;w/o;434697;433728;969;425275;9422;431193;3504;412256;22441;407793;26904;434556;141;431074;3623;432096;2601;434516;181;432968;1729;434343;354;421613;13084;424304;10393;432007;2690;408606;26091;429693;5004;433601;1096;429840;4857;413462;21235;434392;305;431773;2924;431954;2743;420088;14609;434188;509;419319;15378;432351;2346;427754;6943;422568;12129;336971;97726;434681;16;429349;5348;430682;4015;425670;9027;432067;2630;426972;7725;414470;20227;431770;2927;434230;467;434420;277;420390;14307;431548;3149;433263;1434;398044;36653;420847;13850;420814;13883;434697;0;434461;236;431737;2960;434540;157;434689;8;423143;11554;434418;279;397655;37042;410937;23760
terpenoid/terpene;diterpene;w/;5133;5131;2;5130;3;5132;1;5110;23;5070;63;5132;1;5132;1;5132;1;5133;0;5131;2;5133;0;5125;8;5125;8;5130;3;5114;19;5123;10;5129;4;5130;3;5123;10;5132;1;5132;1;5132;1;5118;15;5132;1;4808;325;5127;6;5112;21;5086;47;4849;284;5133;0;5065;68;5120;13;5102;31;5109;24;5118;15;5055;78;5129;4;5128;5;5133;0;5111;22;5128;5;5132;1;5101;32;5067;66;5131;2;0;5133;5129;4;5075;58;5126;7;5132;1;4801;332;5127;6;5094;39;4892;241
terpenoid/terpene;hemiterpene;w/o;439590;438619;971;430166;9424;436085;3505;417139;22451;412628;26962;439448;142;435967;3623;436989;2601;439409;181;437859;1731;439236;354;426499;13091;429190;10400;436897;2693;413481;26109;434578;5012;438491;1099;434730;4860;418348;21242;439285;305;436665;2925;436846;2744;424966;14624;439081;509;423888;15702;437238;2352;432628;6962;427419;12171;341588;98002;439574;16;434176;5414;435562;4028;430533;9057;436942;2648;431853;7737;419288;20302;436659;2931;439118;472;439313;277;425261;14329;436436;3154;438155;1435;402907;36683;425677;13913;425705;13885;434461;5129;439590;0;436583;3007;439426;164;439581;9;427716;11874;439307;283;402526;37064;415592;23998
terpenoid/terpene;hemiterpene;w/;240;240;0;239;1;240;0;227;13;235;5;240;0;239;1;239;1;240;0;240;0;240;0;239;1;239;1;240;0;239;1;238;2;239;1;240;0;237;3;239;1;240;0;240;0;240;0;239;1;239;1;240;0;238;2;235;5;232;8;240;0;238;2;240;0;239;1;234;6;237;3;237;3;240;0;240;0;240;0;240;0;240;0;240;0;238;2;237;3;240;0;236;4;0;240;229;11;240;0;240;0;228;12;238;2;223;17;237;3
terpenoid/terpene;monoterpene;w/o;436812;435841;971;427390;9422;433308;3504;414350;22462;409950;26862;436670;142;433190;3622;434211;2601;436631;181;435081;1731;436458;354;423727;13085;426416;10396;434120;2692;410706;26106;431804;5008;435713;1099;431952;4860;415572;21240;436508;304;433887;2925;434069;2743;422191;14621;436304;508;421147;15665;434466;2346;429853;6959;424684;12128;338964;97848;436796;16;431414;5398;432789;4023;427777;9035;434194;2618;429078;7734;416548;20264;433882;2930;436340;472;436535;277;422484;14328;433658;3154;435377;1435;400151;36661;422928;13884;422932;13880;431737;5075;436583;229;436812;0;436651;161;436803;9;425588;11224;436530;282;399776;37036;412861;23951
terpenoid/terpene;monoterpene;w/;3018;3018;0;3015;3;3017;1;3016;2;2913;105;3018;0;3016;2;3017;1;3018;0;3018;0;3018;0;3011;7;3013;5;3017;1;3014;4;3012;6;3017;1;3018;0;3013;5;3016;2;3018;0;3017;1;3015;3;3016;2;2980;38;3012;6;3013;5;2970;48;2856;162;3018;0;3000;18;3013;5;2995;23;2982;36;3012;6;2977;41;3017;1;3018;0;3018;0;3017;1;3018;0;3018;0;2994;24;2986;32;3013;5;2960;58;3007;11;0;3018;3015;3;3018;0;2356;662;3015;3;2973;45;2968;50
terpenoid/terpene;norisoprenoid;w/o;439666;438695;971;430241;9425;436161;3505;417204;22462;412703;26963;439525;141;436042;3624;437064;2602;439485;181;437935;1731;439312;354;426574;13092;429265;10401;436973;2693;413556;26110;434652;5014;438566;1100;434807;4859;418421;21245;439360;306;436741;2925;436922;2744;425042;14624;439157;509;423973;15693;437315;2351;432702;6964;427492;12174;341677;97989;439650;16;434258;5408;435638;4028;430611;9055;437014;2652;431927;7739;419366;20300;436735;2931;439195;471;439389;277;425337;14329;436513;3153;438231;1435;402981;36685;425752;13914;425784;13882;434540;5126;439426;240;436651;3015;439666;0;439657;9;427794;11872;439381;285;402621;37045;415672;23994
terpenoid/terpene;norisoprenoid;w/;164;164;0;164;0;164;0;162;2;160;4;163;1;164;0;164;0;164;0;164;0;164;0;164;0;164;0;164;0;164;0;164;0;164;0;163;1;164;0;164;0;164;0;164;0;164;0;163;1;154;10;163;1;164;0;162;2;143;21;164;0;156;8;164;0;161;3;162;2;163;1;159;5;164;0;163;1;164;0;164;0;163;1;164;0;164;0;162;2;161;3;157;7;164;0;161;3;0;164;164;0;150;14;164;0;128;36;157;7
terpenoid/terpene;polyterpene;w/o;439821;438850;971;430396;9425;436316;3505;417357;22464;412854;26967;439679;142;436197;3624;437219;2602;439640;181;438090;1731;439467;354;426729;13092;429420;10401;437128;2693;413711;26110;434807;5014;438721;1100;434961;4860;418576;21245;439515;306;436896;2925;437077;2744;425197;14624;439311;510;424118;15703;437469;2352;432857;6964;427645;12176;341813;98008;439805;16;434405;5416;435793;4028;430763;9058;437167;2654;432081;7740;419518;20303;436890;2931;439349;472;439544;277;425492;14329;436667;3154;438386;1435;403136;36685;425906;13915;425936;13885;434689;5132;439581;240;436803;3018;439657;164;439821;0;427936;11885;439536;285;402741;37080;415821;24000
terpenoid/terpene;polyterpene;w/;9;9;0;9;0;9;0;9;0;9;0;9;0;9;0;9;0;9;0;9;0;9;0;9;0;9;0;9;0;9;0;9;0;9;0;9;0;9;0;9;0;9;0;9;0;9;0;9;0;9;0;9;0;9;0;9;0;7;2;9;0;9;0;9;0;9;0;9;0;9;0;7;2;9;0;9;0;9;0;9;0;9;0;9;0;9;0;8;1;9;0;8;1;9;0;9;0;9;0;0;9;8;1;9;0;8;1;8;1
terpenoid/terpene;sesquiterpene;w/o;427944;426975;969;418546;9398;424447;3497;405527;22417;401119;26825;427802;142;424333;3611;425346;2598;427764;180;426221;1723;427591;353;414891;13053;417561;10383;425254;2690;401919;26025;422949;4995;426871;1073;423088;4856;406737;21207;427641;303;425023;2921;425203;2741;413387;14557;427437;507;414816;13128;425617;2327;421011;6933;416048;11896;330735;97209;427928;16;422681;5263;423944;4000;418986;8958;425373;2571;420242;7702;407794;20150;425041;2903;427486;458;427669;275;413645;14299;424796;3148;426509;1435;391321;36623;414150;13794;414078;13866;423143;4801;427716;228;425588;2356;427794;150;427936;8;427944;0;427681;263;390965;36979;404262;23682
terpenoid/terpene;sesquiterpene;w/;11886;11884;2;11859;27;11878;8;11839;47;11744;142;11886;0;11873;13;11882;4;11885;1;11878;8;11885;1;11847;39;11868;18;11883;3;11801;85;11867;19;11859;27;11882;4;11848;38;11883;3;11882;4;11883;3;11819;67;11883;3;9311;2575;11861;25;11855;31;11606;280;11085;801;11886;0;11733;153;11858;28;11786;100;11803;83;11848;38;11731;155;11858;28;11872;14;11884;2;11856;30;11880;6;11886;0;11824;62;11764;122;11867;19;11554;332;11874;12;11224;662;11872;14;11885;1;0;11886;11864;22;11784;102;11567;319
terpenoid/terpene;sesterterpene;w/o;439545;438574;971;430120;9425;436040;3505;417082;22463;412583;26962;439403;142;435922;3623;436943;2602;439364;181;437814;1731;439191;354;426454;13091;429145;10400;436852;2693;413435;26110;434533;5012;438446;1099;434685;4860;418301;21244;439240;305;436620;2925;436801;2744;424921;14624;439036;509;423859;15686;437193;2352;432584;6961;427371;12174;341539;98006;439529;16;434130;5415;435519;4026;430488;9057;436892;2653;431805;7740;419242;20303;436614;2931;439073;472;439268;277;425218;14327;436391;3154;438110;1435;402861;36684;425631;13914;425660;13885;434418;5127;439307;238;436530;3015;439381;164;439536;9;427681;11864;439545;0;402466;37079;415552;23993
terpenoid/terpene;sesterterpene;w/;285;285;0;285;0;285;0;284;1;280;5;285;0;284;1;285;0;285;0;285;0;285;0;284;1;284;1;285;0;285;0;283;2;284;1;285;0;284;1;284;1;285;0;285;0;285;0;284;1;268;17;285;0;282;3;283;2;281;4;285;0;284;1;283;2;284;1;284;1;285;0;283;2;285;0;285;0;285;0;283;2;285;0;285;0;284;1;283;2;285;0;279;6;283;2;282;3;285;0;285;0;263;22;0;285;283;2;277;8
terpenoid/terpene;tetraterpene/carotenoid/xanthophyll;w/o;402749;401781;968;393343;9406;399244;3505;380320;22429;376010;26739;402607;142;399133;3616;400154;2595;402569;180;401019;1730;402397;352;389665;13084;392385;10364;400128;2621;376694;26055;397740;5009;401653;1096;397890;4859;381522;21227;402445;304;399889;2860;400052;2697;388151;14598;402246;503;387181;15568;400405;2344;395844;6905;390685;12064;309255;93494;402733;16;397398;5351;398732;4017;394125;8624;400181;2568;395062;7687;382986;19763;399837;2912;402280;469;402472;277;388430;14319;399864;2885;401315;1434;366112;36637;389241;13508;389070;13679;397655;5094;402526;223;399776;2973;402621;128;402741;8;390965;11784;402466;283;402749;0;379088;23661
terpenoid/terpene;tetraterpene/carotenoid/xanthophyll;w/;37081;37078;3;37062;19;37081;0;37046;35;36853;228;37081;0;37073;8;37074;7;37080;1;37080;1;37079;2;37073;8;37044;37;37009;72;37026;55;37076;5;37077;4;37080;1;37063;18;37079;2;37016;65;37034;47;37055;26;37074;7;36946;135;37073;8;37022;59;36969;112;32565;4516;37081;0;37016;65;37070;11;36647;434;36995;86;37028;53;36539;542;37062;19;37078;3;37081;0;37071;10;36812;269;37080;1;37033;48;36673;408;36875;206;37042;39;37064;17;37036;45;37045;36;37080;1;36979;102;37079;2;0;37081;36741;340
terpenoid/terpene;triterpene/saponin;w/o;415829;414861;968;406445;9384;412335;3494;393443;22386;388976;26853;415689;140;412224;3605;413240;2589;415648;181;414101;1728;415478;351;402764;13065;405457;10372;413147;2682;389782;26047;410840;4989;414740;1089;410984;4845;394611;21218;415531;298;412914;2915;413099;2730;401256;14573;415329;500;400425;15404;413485;2344;410140;5689;404715;11114;326242;89587;415814;15;410637;5192;411844;3985;406998;8831;413225;2604;408143;7686;402246;13583;413012;2817;415367;462;415552;277;401522;14307;412693;3136;414402;1427;379339;36490;403131;12698;401991;13838;410937;4892;415592;237;412861;2968;415672;157;415821;8;404262;11567;415552;277;379088;36741;415829;0
terpenoid/terpene;triterpene/saponin;w/;24001;23998;3;23960;41;23990;11;23923;78;23887;114;23999;2;23982;19;23988;13;24001;0;23998;3;23998;3;23974;27;23972;29;23990;11;23938;63;23976;25;23990;11;23986;15;23974;27;23993;8;23991;10;23987;14;23950;51;23991;10;23702;299;23993;8;22726;1275;22939;1062;15578;8423;24000;1;23777;224;23958;43;23774;227;23951;50;23947;54;17279;6722;23887;114;23991;10;24001;0;23979;22;23983;18;23993;8;23806;195;22783;1218;23954;47;23760;241;23998;3;23951;50;23994;7;24000;1;23682;319;23993;8;23661;340;0;24001
