;;;*;abiotic;abiotic;abiotic;abiotic;abiotic;abiotic;abiotic;abiotic;abiotic;abiotic;abiotic;abiotic;biotic;biotic;biotic;biotic;biotic;biotic;biotic;biotic;biotic;biotic;biotic;biotic;biotic;biotic;biotic;biotic;biotic;biotic;biotic;biotic;biotic;biotic;pharmaco;pharmaco;pharmaco;pharmaco;pharmaco;pharmaco;pharmaco;pharmaco;pharmaco;pharmaco;pharmaco;pharmaco;pharmaco;pharmaco;pharmaco;pharmaco;pharmaco;pharmaco;pharmaco;pharmaco;pharmaco;pharmaco;pharmaco;pharmaco;pharmaco;pharmaco;pharmaco;pharmaco;pharmaco;pharmaco;pharmaco;pharmaco;pharmaco;pharmaco;pharmaco;pharmaco;pharmaco;pharmaco;toxicity;toxicity
;;;Σ;heat stress/heat tolerance/heat resistance/heat impact/heat change/temperature stress/temperature tolerance/temperature resistance/temperature impact/temperature change;heat stress/heat tolerance/heat resistance/heat impact/heat change/temperature stress/temperature tolerance/temperature resistance/temperature impact/temperature change;heavy metal stress/metallic trace element stress/heavy metal tolerance/metallic trace element tolerance/heavy metal resistance/metallic trace element resistance/heavy metal impact/metallic trace element impact/heavy metal change/metallic trace element change;heavy metal stress/metallic trace element stress/heavy metal tolerance/metallic trace element tolerance/heavy metal resistance/metallic trace element resistance/heavy metal impact/metallic trace element impact/heavy metal change/metallic trace element change;hydric stress/drought stress/hydric tolerance/drought tolerance/hydric resistance/drought resistance/hydric impact/drought impact/hydric change/drought change;hydric stress/drought stress/hydric tolerance/drought tolerance/hydric resistance/drought resistance/hydric impact/drought impact/hydric change/drought change;ph stress/ph tolerance/ph resistance/ph impact/ph change;ph stress/ph tolerance/ph resistance/ph impact/ph change;salt stress/salinity stress/salt tolerance/salinity tolerance/salt resistance/salinity resistance/salt impact/salinity impact/salt change/salinity change;salt stress/salinity stress/salt tolerance/salinity tolerance/salt resistance/salinity resistance/salt impact/salinity impact/salt change/salinity change;uv stress/light stress/uv tolerance/light tolerance/uv resistance/light resistance/uv impact/light impact/uv change/light change/irradiance;uv stress/light stress/uv tolerance/light tolerance/uv resistance/light resistance/uv impact/light impact/uv change/light change/irradiance;antifeedant/phytophagous/herbivory/feeding deterrents;antifeedant/phytophagous/herbivory/feeding deterrents;attractant;attractant;germination;germination;herbicidal;herbicidal;phytotoxicity;phytotoxicity;pigment/colour;pigment/colour;pollination;pollination;quorum sensing;quorum sensing;repulsive;repulsive;root respiration/branching factors/root formation;root respiration/branching factors/root formation;seed dispersal;seed dispersal;anti-inflammatory;anti-inflammatory;antibacterial;antibacterial;anticancer/anti-tumour/anti-apoptotic/anti-angiogenic;anticancer/anti-tumour/anti-apoptotic/anti-angiogenic;antidiabetic;antidiabetic;antifungal;antifungal;antimicrobial;antimicrobial;antioxidant;antioxidant;antiparasitic;antiparasitic;antiviral;antiviral;arthritis;arthritis;burns;burns;cardiovascular;cardiovascular;cytotoxicity;cytotoxicity;dementia/alzheimer;dementia/alzheimer;immuno-modulatory;immuno-modulatory;obesity;obesity;rheumatism;rheumatism;sedative/analgesic;sedative/analgesic;wound;wound;toxicity;toxicity
;;;w/;w/o;w/;w/o;w/;w/o;w/;w/o;w/;w/o;w/;w/o;w/;w/o;w/;w/o;w/;w/o;w/;w/o;w/;w/o;w/;w/o;w/;w/o;w/;w/o;w/;w/o;w/;w/o;w/;w/o;w/;w/o;w/;w/o;w/;w/o;w/;w/o;w/;w/o;w/;w/o;w/;w/o;w/;w/o;w/;w/o;w/;w/o;w/;w/o;w/;w/o;w/;w/o;w/;w/o;w/;w/o;w/;w/o;w/;w/o;w/;w/o;w/;w/o;w/;w/o;w/
*;Σ;w/;463801;460303;3498;463216;585;460896;2905;462947;854;459753;4048;461347;2454;460947;2854;462886;915;455666;8135;463121;680;461664;2137;403306;60495;462645;1156;458979;4822;463211;590;462814;987;463675;126;422894;40907;423029;40772;426094;37707;453994;9807;438389;25412;401081;62720;356120;107681;461546;2255;449154;14647;453040;10761;461854;1947;442085;21716;401235;62566;451249;12552;463728;73;452282;11519;462944;857;447935;15866;451213;12588;403549;60252
alkaloid;benzylamine;w/o;0;459297;3493;462205;585;459885;2905;461939;851;458748;4042;460336;2454;459937;2853;461876;914;454666;8124;462119;671;460655;2135;402337;60453;461634;1156;457968;4822;462206;584;461805;985;462664;126;421965;40825;422085;40705;425160;37630;453006;9784;437475;25315;400145;62645;355217;107573;460538;2252;448173;14617;452040;10750;460844;1946;441167;21623;400399;62391;450329;12461;462717;73;451322;11468;461933;857;446997;15793;450223;12567;402719;60071
alkaloid;benzylamine;w/;1011;1006;5;1011;0;1011;0;1008;3;1005;6;1011;0;1010;1;1010;1;1000;11;1002;9;1009;2;969;42;1011;0;1011;0;1005;6;1009;2;1011;0;929;82;944;67;934;77;988;23;914;97;936;75;903;108;1008;3;981;30;1000;11;1010;1;918;93;836;175;920;91;1011;0;960;51;1011;0;938;73;990;21;830;181
alkaloid;colchicine;w/o;0;450451;3468;453334;585;451035;2884;453068;851;449888;4031;451467;2452;451067;2852;453006;913;445970;7949;453244;675;451795;2124;393776;60143;452883;1036;449099;4820;453333;586;452940;979;453794;125;414763;39156;413239;40680;417414;36505;444236;9683;428679;25240;391318;62601;346573;107346;451692;2227;439491;14428;445586;8333;452013;1906;433293;20626;393088;60831;441591;12328;453848;71;442662;11257;453173;746;438474;15445;441666;12253;395351;58568
alkaloid;colchicine;w/;9882;9852;30;9882;0;9861;21;9879;3;9865;17;9880;2;9880;2;9880;2;9696;186;9877;5;9869;13;9530;352;9762;120;9880;2;9878;4;9874;8;9881;1;8131;1751;9790;92;8680;1202;9758;124;9710;172;9763;119;9547;335;9854;28;9663;219;7454;2428;9841;41;8792;1090;8147;1735;9658;224;9880;2;9620;262;9771;111;9461;421;9547;335;8198;1684
alkaloid;cyclopeptide;w/o;0;456693;3492;459602;583;457282;2903;459334;851;456143;4042;457733;2452;457332;2853;459271;914;452084;8101;459508;677;458062;2123;399734;60451;459030;1155;455439;4746;459599;586;459199;986;460059;126;419438;40747;419825;40360;422853;37332;450412;9773;435248;24937;398056;62129;352592;107593;457946;2239;445678;14507;450173;10012;458240;1945;438610;21575;398328;61857;447699;12486;460113;72;448728;11457;459360;825;444424;15761;447667;12518;400383;59802
alkaloid;cyclopeptide;w/;3616;3610;6;3614;2;3614;2;3613;3;3610;6;3614;2;3615;1;3615;1;3582;34;3613;3;3602;14;3572;44;3615;1;3540;76;3612;4;3615;1;3616;0;3456;160;3204;412;3241;375;3582;34;3141;475;3025;591;3528;88;3600;16;3476;140;2867;749;3614;2;3475;141;2907;709;3550;66;3615;1;3554;62;3584;32;3511;105;3546;70;3166;450
alkaloid;imidazole;w/o;0;437373;3338;440129;582;437814;2897;439936;775;436701;4010;438276;2435;437881;2830;439811;900;432678;8033;440057;654;438646;2065;381295;59416;439582;1129;435916;4795;440171;540;439731;980;440585;126;401586;39125;401612;39099;405631;35080;431143;9568;418674;22037;379699;61012;334753;105958;438642;2069;427583;13128;430470;10241;438921;1790;421024;19687;382085;58626;428746;11965;440641;70;429588;11123;439860;851;426276;14435;428802;11909;384448;56263
alkaloid;imidazole;w/;23090;22930;160;23087;3;23082;8;23011;79;23052;38;23071;19;23066;24;23075;15;22988;102;23064;26;23018;72;22011;1079;23063;27;23063;27;23040;50;23083;7;23090;0;21308;1782;21417;1673;20463;2627;22851;239;19715;3375;21382;1708;21367;1723;22904;186;21571;1519;22570;520;22933;157;21061;2029;19150;3940;22503;587;23087;3;22694;396;23084;6;21659;1431;22411;679;19101;3989
alkaloid;indole;w/o;0;432335;3280;435124;491;433105;2510;434840;775;432213;3402;433245;2370;432937;2678;434830;785;428978;6637;434972;643;433643;1972;377430;58185;434628;987;431049;4566;435059;556;435315;300;435492;123;396703;38912;397061;38554;401478;34137;426148;9467;411702;23913;375077;60538;330925;104690;433468;2147;422174;13441;425255;10360;433708;1907;415328;20287;378182;57433;424170;11445;435544;71;424612;11003;434792;823;421064;14551;423689;11926;379683;55932
alkaloid;indole;w/;28186;27968;218;28092;94;27791;395;28107;79;27540;646;28102;84;28010;176;28056;130;26688;1498;28149;37;28021;165;25876;2310;28017;169;27930;256;28152;34;27499;687;28183;3;26191;1995;25968;2218;24616;3570;27846;340;26687;1499;26004;2182;25195;2991;28078;108;26980;1206;27785;401;28146;40;26757;1429;23053;5133;27079;1107;28184;2;27670;516;28152;34;26871;1315;27524;662;23866;4320
alkaloid;indolizidine;w/o;0;460158;3498;463071;585;460751;2905;462802;854;459608;4048;461202;2454;460805;2851;462741;915;455523;8133;462976;680;461521;2135;403163;60493;462500;1156;458834;4822;463066;590;462669;987;463530;126;422755;40901;422897;40759;425977;37679;453856;9800;438258;25398;400954;62702;355977;107679;461403;2253;449036;14620;452897;10759;461709;1947;441940;21716;401126;62530;451107;12549;463583;73;452137;11519;462800;856;447794;15862;451069;12587;403439;60217
alkaloid;indolizidine;w/;145;145;0;145;0;145;0;145;0;145;0;145;0;142;3;145;0;143;2;145;0;143;2;143;2;145;0;145;0;145;0;145;0;145;0;139;6;132;13;117;28;138;7;131;14;127;18;143;2;143;2;118;27;143;2;145;0;145;0;109;36;142;3;145;0;145;0;144;1;141;4;144;1;110;35
alkaloid;isoquinoline;w/o;0;456529;3484;459429;584;457114;2899;459162;851;455972;4041;457560;2453;457165;2848;459101;912;451900;8113;459339;674;457886;2127;399682;60331;458858;1155;455195;4818;459425;588;459029;984;459887;126;419486;40527;419479;40534;422947;37066;450290;9723;434764;25249;397576;62437;352639;107374;457799;2214;445776;14237;449349;10664;458072;1941;438510;21503;398429;61584;447674;12339;459940;73;448552;11461;459164;849;444426;15587;447490;12523;400309;59704
alkaloid;isoquinoline;w/;3788;3774;14;3787;1;3782;6;3785;3;3781;7;3787;1;3782;6;3785;3;3766;22;3782;6;3778;10;3624;164;3787;1;3784;4;3786;2;3785;3;3788;0;3408;380;3550;238;3147;641;3704;84;3625;163;3505;283;3481;307;3747;41;3378;410;3691;97;3782;6;3575;213;2806;982;3575;213;3788;0;3730;58;3780;8;3509;279;3723;65;3240;548
alkaloid;isoxazole;w/o;0;457613;3497;460525;585;458206;2904;460257;853;457062;4048;458657;2453;458259;2851;460196;914;452982;8128;460465;645;458980;2130;400651;60459;459954;1156;456291;4819;460522;588;460123;987;460984;126;420585;40525;420665;40445;423708;37402;451341;9769;435919;25191;398703;62407;353595;107515;458915;2195;446662;14448;450607;10503;459168;1942;439468;21642;398978;62132;448741;12369;461037;73;449643;11467;460260;850;445510;15600;448576;12534;401280;59830
alkaloid;isoxazole;w/;2691;2690;1;2691;0;2690;1;2690;1;2691;0;2690;1;2688;3;2690;1;2684;7;2656;35;2684;7;2655;36;2691;0;2688;3;2689;2;2691;0;2691;0;2309;382;2364;327;2386;305;2653;38;2470;221;2378;313;2525;166;2631;60;2492;199;2433;258;2686;5;2617;74;2257;434;2508;183;2691;0;2639;52;2684;7;2425;266;2637;54;2269;422
alkaloid;muscarine;w/o;0;460121;3497;463033;585;460713;2905;462764;854;459570;4048;461164;2454;460764;2854;462703;915;455483;8135;462938;680;461481;2137;403132;60486;462462;1156;458796;4822;463029;589;462631;987;463492;126;422722;40896;422848;40770;425913;37705;453811;9807;438207;25411;400899;62719;355940;107678;461363;2255;448974;14644;452861;10757;461672;1946;441946;21672;401055;62563;451108;12510;463545;73;452101;11517;462761;857;447779;15839;451035;12583;403403;60215
alkaloid;muscarine;w/;183;182;1;183;0;183;0;183;0;183;0;183;0;183;0;183;0;183;0;183;0;183;0;174;9;183;0;183;0;182;1;183;0;183;0;172;11;181;2;181;2;183;0;182;1;182;1;180;3;183;0;180;3;179;4;182;1;139;44;180;3;141;42;183;0;181;2;183;0;156;27;178;5;146;37
alkaloid;oxazole;w/o;0;458534;3483;461432;585;459113;2904;461169;848;457969;4048;459565;2452;459165;2852;461105;912;453889;8128;461352;665;459888;2129;401589;60428;460861;1156;457199;4818;461431;586;461030;987;461891;126;421243;40774;421560;40457;424542;37475;452268;9749;436798;25219;399559;62458;354414;107603;459774;2243;447466;14551;451298;10719;460073;1944;440377;21640;399838;62179;449516;12501;461944;73;450548;11469;461160;857;446256;15761;449457;12560;402054;59963
alkaloid;oxazole;w/;1784;1769;15;1784;0;1783;1;1778;6;1784;0;1782;2;1782;2;1781;3;1777;7;1769;15;1776;8;1717;67;1784;0;1780;4;1780;4;1784;0;1784;0;1651;133;1469;315;1552;232;1726;58;1591;193;1522;262;1706;78;1772;12;1688;96;1742;42;1781;3;1708;76;1397;387;1733;51;1784;0;1734;50;1784;0;1679;105;1756;28;1495;289
alkaloid;phenylethylamine;w/o;0;459941;3495;462851;585;460531;2905;462584;852;459391;4045;460984;2452;460584;2852;462522;914;455306;8130;462756;680;461302;2134;402978;60458;462280;1156;458615;4821;462847;589;462449;987;463310;126;422551;40885;422683;40753;425738;37698;453637;9799;438037;25399;400742;62694;355788;107648;461183;2253;448793;14643;452682;10754;461490;1946;441765;21671;400897;62539;450898;12538;463363;73;451928;11508;462579;857;447607;15829;450850;12586;403267;60169
alkaloid;phenylethylamine;w/;365;362;3;365;0;365;0;363;2;362;3;363;2;363;2;364;1;360;5;365;0;362;3;328;37;365;0;364;1;364;1;365;0;365;0;343;22;346;19;356;9;357;8;352;13;339;26;332;33;363;2;361;4;358;7;364;1;320;45;338;27;351;14;365;0;354;11;365;0;328;37;363;2;282;83
alkaloid;piperidine;w/o;0;446963;3469;449848;584;447530;2902;449587;845;446388;4044;447989;2443;447594;2838;449525;907;442314;8118;449763;669;448300;2132;390158;60274;449279;1153;445618;4814;449852;580;449448;984;450306;126;410406;40026;410380;40052;413690;36742;441153;9279;425445;24987;388309;62123;343699;106733;448216;2216;436204;14228;440234;10198;448533;1899;430202;20230;389357;61075;439711;10721;450362;70;439529;10903;449581;851;437505;12927;438009;12423;392168;58264
alkaloid;piperidine;w/;13369;13340;29;13368;1;13366;3;13360;9;13365;4;13358;11;13353;16;13361;8;13352;17;13358;11;13364;5;13148;221;13366;3;13361;8;13359;10;13366;3;13369;0;12488;881;12649;720;12404;965;12841;528;12944;425;12772;597;12421;948;13330;39;12950;419;12806;563;13321;48;11883;1486;11878;1491;11538;1831;13366;3;12753;616;13363;6;10430;2939;13204;165;11381;1988
alkaloid;purine;w/o;0;449567;3410;452394;583;450115;2862;452138;839;448991;3986;450536;2441;450131;2846;452072;905;445119;7858;452307;670;450856;2121;392938;60039;451834;1143;448220;4757;452402;575;452038;939;452853;124;412663;40314;412529;40448;416350;36627;443318;9659;427773;25204;390597;62380;346260;106717;450805;2172;439952;13025;442786;10191;451058;1919;432191;20786;392418;60559;440726;12251;452906;71;441837;11140;452129;848;437384;15593;440596;12381;395025;57952
alkaloid;purine;w/;10824;10736;88;10822;2;10781;43;10809;15;10762;62;10811;13;10816;8;10814;10;10547;277;10814;10;10808;16;10368;456;10811;13;10759;65;10809;15;10776;48;10822;2;10231;593;10500;324;9744;1080;10676;148;10616;208;10484;340;9860;964;10741;83;9202;1622;10254;570;10796;28;9894;930;8817;2007;10523;301;10822;2;10445;379;10815;9;10551;273;10617;207;8524;2300
alkaloid;putrescine;w/o;0;457589;3389;460416;562;458244;2734;460133;845;457198;3780;458541;2437;458140;2838;460117;861;453106;7872;460300;678;458870;2108;400820;60158;459850;1128;456180;4798;460392;586;460039;939;460852;126;420144;40834;420273;40705;423385;37593;451176;9802;435608;25370;398383;62595;353881;107097;458738;2240;446358;14620;450244;10734;459040;1938;439321;21657;398730;62248;448480;12498;460905;73;449491;11487;460122;856;445122;15856;448490;12488;401222;59756
alkaloid;putrescine;w/;2823;2714;109;2800;23;2652;171;2814;9;2555;268;2806;17;2807;16;2769;54;2560;263;2821;2;2794;29;2486;337;2795;28;2799;24;2819;4;2775;48;2823;0;2750;73;2756;67;2709;114;2818;5;2781;42;2698;125;2239;584;2808;15;2796;27;2796;27;2814;9;2764;59;2505;318;2769;54;2823;0;2791;32;2822;1;2813;10;2723;100;2327;496
alkaloid;pyridine;w/o;0;433594;3320;436331;583;434019;2895;436127;787;432904;4010;434507;2407;434085;2829;436019;895;428896;8018;436373;541;434840;2074;378799;58115;435778;1136;432127;4787;436439;475;435930;984;436790;124;397994;38920;398577;38337;402577;34337;427435;9479;413189;23725;376553;60361;331093;105821;434762;2152;423595;13319;426767;10147;435079;1835;417233;19681;378979;57935;425434;11480;436842;72;425792;11122;436063;851;423119;13795;424907;12007;381558;55356
alkaloid;pyridine;w/;26887;26709;178;26885;2;26877;10;26820;67;26849;38;26840;47;26862;25;26867;20;26770;117;26748;139;26824;63;24507;2380;26867;20;26852;35;26772;115;26884;3;26885;2;24900;1987;24452;2435;23517;3370;26559;328;25200;1687;24528;2359;25027;1860;26784;103;25559;1328;26273;614;26775;112;24852;2035;22256;4631;25815;1072;26886;1;26490;397;26881;6;24816;2071;26306;581;21991;4896
alkaloid;pyrrolidine;w/o;0;455138;3479;458032;585;455712;2905;457769;848;454570;4047;456168;2449;455765;2852;457709;908;450489;8128;457959;658;456485;2132;398234;60383;457463;1154;453811;4806;458030;587;457631;986;458491;126;418220;40397;418271;40346;421421;37196;449064;9553;433426;25191;396201;62416;352059;106558;456376;2241;444438;14179;447955;10662;456698;1919;437207;21410;396938;61679;446313;12304;458545;72;447214;11403;457762;855;443125;15492;446117;12500;399096;59521
alkaloid;pyrrolidine;w/;5184;5165;19;5184;0;5184;0;5178;6;5183;1;5179;5;5182;2;5177;7;5177;7;5162;22;5179;5;5072;112;5182;2;5168;16;5181;3;5183;1;5184;0;4674;510;4758;426;4673;511;4930;254;4963;221;4880;304;4061;1123;5170;14;4716;468;5085;99;5156;28;4878;306;4297;887;4936;248;5183;1;5068;116;5182;2;4810;374;5096;88;4453;731
alkaloid;pyrrolizidine;w/o;0;459167;3497;462079;585;459760;2904;461810;854;458616;4048;460210;2454;459886;2778;461761;903;454539;8125;461985;679;460548;2116;402202;60462;461514;1150;457843;4821;462074;590;461678;986;462539;125;421796;40868;421922;40742;424986;37678;452864;9800;437274;25390;399979;62685;355049;107615;460414;2250;448032;14632;451911;10753;460721;1943;440994;21670;400279;62385;450123;12541;462591;73;451148;11516;461809;855;446817;15847;450091;12573;403155;59509
alkaloid;pyrrolizidine;w/;1137;1136;1;1137;0;1136;1;1137;0;1137;0;1137;0;1061;76;1125;12;1127;10;1136;1;1116;21;1104;33;1131;6;1136;1;1137;0;1136;1;1136;1;1098;39;1107;30;1108;29;1130;7;1115;22;1102;35;1071;66;1132;5;1122;15;1129;8;1133;4;1091;46;956;181;1126;11;1137;0;1134;3;1135;2;1118;19;1122;15;394;743
alkaloid;quinazoline;w/o;0;455281;3495;458191;585;455871;2905;457923;853;454728;4048;456323;2453;455924;2852;457864;912;450644;8132;458104;672;456645;2131;398358;60418;457620;1156;453961;4815;458191;585;457790;986;458650;126;418251;40525;418487;40289;422260;36516;449057;9719;433654;25122;396482;62294;351296;107480;456548;2228;444420;14356;448090;10686;456832;1944;437376;21400;397344;61432;446351;12425;458703;73;447308;11468;457920;856;443167;15609;446296;12480;399869;58907
alkaloid;quinazoline;w/;5025;5022;3;5025;0;5025;0;5024;1;5025;0;5024;1;5023;2;5022;3;5022;3;5017;8;5019;6;4948;77;5025;0;5018;7;5020;5;5024;1;5025;0;4643;382;4542;483;3834;1191;4937;88;4735;290;4599;426;4824;201;4998;27;4734;291;4950;75;5022;3;4709;316;3891;1134;4898;127;5025;0;4974;51;5024;1;4768;257;4917;108;3680;1345
alkaloid;quinoline;w/o;0;438279;3465;441170;574;438843;2901;440922;822;437706;4038;439296;2448;438896;2848;440834;910;433651;8093;441081;663;439636;2108;382065;59679;440588;1156;437016;4728;441167;577;440758;986;441618;126;401888;39856;405248;36496;405756;35988;432130;9614;417773;23971;387132;54612;334963;106781;439667;2077;427852;13892;431484;10260;439924;1820;420859;20885;381983;59761;429729;12015;441674;70;430449;11295;440911;833;426553;15191;429953;11791;384483;57261
alkaloid;quinoline;w/;22057;22024;33;22046;11;22053;4;22025;32;22047;10;22051;6;22051;6;22052;5;22015;42;22040;17;22028;29;21241;816;22057;0;21963;94;22044;13;22056;1;22057;0;21006;1051;17781;4276;20338;1719;21864;193;20616;1441;13949;8108;21157;900;21879;178;21302;755;21556;501;21930;127;21226;831;19252;2805;21520;537;22054;3;21833;224;22033;24;21382;675;21260;797;19066;2991
alkaloid;quinolizidine;w/o;0;459980;3497;462892;585;460573;2904;462624;853;459429;4048;461023;2454;460641;2836;462562;915;455355;8122;462797;680;461346;2131;402991;60486;462326;1151;458655;4822;462887;590;462490;987;463352;125;422616;40861;422724;40753;425804;37673;453683;9794;438084;25393;400778;62699;355823;107654;461225;2252;448873;14604;452719;10758;461530;1947;441775;21702;400997;62480;450937;12540;463404;73;451958;11519;462621;856;447626;15851;450897;12580;403290;60187
alkaloid;quinolizidine;w/;324;323;1;324;0;323;1;323;1;324;0;324;0;306;18;324;0;311;13;324;0;318;6;315;9;319;5;324;0;324;0;324;0;323;1;278;46;305;19;290;34;311;13;305;19;303;21;297;27;321;3;281;43;321;3;324;0;310;14;238;86;312;12;324;0;324;0;323;1;309;15;316;8;259;65
alkaloid;spermidine;w/o;0;457348;3369;460152;565;457960;2757;459870;847;456985;3732;458278;2439;457876;2841;459807;910;452846;7871;460038;679;458617;2100;400475;60242;459586;1131;455918;4799;460136;581;459769;948;460591;126;419923;40794;420030;40687;423186;37531;450924;9793;435360;25357;398128;62589;353721;106996;458489;2228;446127;14590;449990;10727;458779;1938;439094;21623;398604;62113;448245;12472;460644;73;449274;11443;459862;855;444864;15853;448203;12514;400999;59718
alkaloid;spermidine;w/;3084;2955;129;3064;20;2936;148;3077;7;2768;316;3069;15;3071;13;3079;5;2820;264;3083;1;3047;37;2831;253;3059;25;3061;23;3075;9;3045;39;3084;0;2971;113;2999;85;2908;176;3070;14;3029;55;2953;131;2399;685;3057;27;3027;57;3050;34;3075;9;2991;93;2631;453;3004;80;3084;0;3008;76;3082;2;3071;13;3010;74;2550;534
alkaloid;spermine;w/o;0;457498;3429;460355;572;458146;2781;460080;847;457118;3809;458479;2448;458078;2849;460020;907;452980;7947;460249;678;458815;2112;400636;60291;459791;1136;456113;4814;460349;578;459971;956;460801;126;420132;40795;420236;40691;423465;37462;451131;9796;435550;25377;398331;62596;353804;107123;458683;2244;446340;14587;450190;10737;458989;1938;439313;21614;398978;61949;448446;12481;460854;73;449470;11457;460070;857;445081;15846;448409;12518;401254;59673
alkaloid;spermine;w/;2874;2805;69;2861;13;2750;124;2867;7;2635;239;2868;6;2869;5;2866;8;2686;188;2872;2;2849;25;2670;204;2854;20;2866;8;2862;12;2843;31;2874;0;2762;112;2793;81;2629;245;2863;11;2839;35;2750;124;2316;558;2863;11;2814;60;2850;24;2865;9;2772;102;2257;617;2803;71;2874;0;2812;62;2874;0;2854;20;2804;70;2295;579
alkaloid;thiazole;w/o;0;445370;3467;448255;582;445937;2900;447995;842;444799;4038;446392;2445;445996;2841;447936;901;440749;8088;448196;641;446716;2121;388839;59998;447717;1120;444049;4788;448255;582;447852;985;448711;126;409687;39150;409747;39090;412846;35991;439704;9133;424723;24114;387772;61065;342323;106514;446797;2040;434951;13886;438382;10455;446925;1912;427695;21142;389860;58977;437730;11107;448766;71;437674;11163;447985;852;433633;15204;436490;12347;391280;57557
alkaloid;thiazole;w/;14964;14933;31;14961;3;14959;5;14952;12;14954;10;14955;9;14951;13;14950;14;14917;47;14925;39;14948;16;14467;497;14928;36;14930;34;14956;8;14962;2;14964;0;13207;1757;13282;1682;13248;1716;14290;674;13666;1298;13309;1655;13797;1167;14749;215;14203;761;14658;306;14929;35;14390;574;11375;3589;13519;1445;14962;2;14608;356;14959;5;14302;662;14723;241;12269;2695
alkaloid;tropane;w/o;0;459776;3497;462688;585;460372;2901;462418;855;459229;4044;460820;2453;460433;2840;462358;915;455155;8118;462593;680;461139;2134;402810;60463;462119;1154;458452;4821;462684;589;462289;984;463147;126;422377;40896;422516;40757;425584;37689;453475;9798;437872;25401;400569;62704;355637;107636;461019;2254;448644;14629;452518;10755;461326;1947;441595;21678;400745;62528;450855;12418;463200;73;451764;11509;462417;856;447480;15793;450691;12582;403124;60149
alkaloid;tropane;w/;528;527;1;528;0;524;4;529;-1;524;4;527;1;514;14;528;0;511;17;528;0;525;3;496;32;526;2;527;1;527;1;525;3;528;0;517;11;513;15;510;18;519;9;517;11;512;16;483;45;527;1;510;18;522;6;528;0;490;38;490;38;394;134;528;0;518;10;527;1;455;73;522;6;425;103
lactones;lactones/strigolactones;w/o;0;444108;3421;446949;580;444687;2842;446706;823;443549;3980;445093;2436;444846;2683;446711;818;439972;7557;446893;636;445513;2016;387803;59726;446392;1137;446423;1106;446948;581;446592;937;447407;122;408396;39133;407971;39558;411352;36177;437923;9606;423125;24404;385998;61531;341081;106448;445531;1998;433324;14205;437064;10465;445633;1896;426363;21166;388266;59263;435189;12340;447457;72;436604;10925;446703;826;432019;15510;435209;12320;389084;58445
lactones;lactones/strigolactones;w/;16272;16195;77;16267;5;16209;63;16241;31;16204;68;16254;18;16101;171;16175;97;15694;578;16228;44;16151;121;15503;769;16253;19;12556;3716;16263;9;16222;50;16268;4;14498;1774;15058;1214;14742;1530;16071;201;15264;1008;15083;1189;15039;1233;16015;257;15830;442;15976;296;16221;51;15722;550;12969;3303;16060;212;16271;1;15678;594;16241;31;15916;356;16004;268;14465;1807
phenolic compound;acetophenone;w/o;0;457877;3488;460780;585;458461;2904;460516;849;457320;4045;458917;2448;458524;2841;460488;877;453251;8114;460692;673;459235;2130;401030;60335;460211;1154;456557;4808;460782;583;460379;986;461239;126;420763;40602;421069;40296;423842;37523;451604;9761;436301;25064;399062;62303;354215;107150;459116;2249;446802;14563;450632;10733;459425;1940;439730;21635;399142;62223;448871;12494;461292;73;449873;11492;460509;856;445585;15780;448812;12553;401418;59947
phenolic compound;acetophenone;w/;2436;2426;10;2436;0;2435;1;2431;5;2433;3;2430;6;2423;13;2398;38;2415;21;2429;7;2429;7;2276;160;2434;2;2422;14;2429;7;2435;1;2436;0;2131;305;1960;476;2252;184;2390;46;2088;348;2019;417;1905;531;2430;6;2352;84;2408;28;2429;7;2355;81;2093;343;2378;58;2436;0;2409;27;2435;1;2350;86;2401;35;2131;305
phenolic compound;anthraquinone;w/o;0;453046;3468;455930;584;453611;2903;455673;841;452483;4031;454075;2439;453692;2822;455602;912;448441;8073;455845;669;454437;2077;397619;58895;455359;1155;451710;4804;455937;577;455532;982;456388;126;416323;40191;416708;39806;419695;36819;446934;9580;431566;24948;394623;61891;350077;106437;454281;2233;442068;14446;445851;10663;454600;1914;434930;21584;395375;61139;444051;12463;456442;72;445072;11442;455699;815;440805;15709;444138;12376;397741;58773
phenolic compound;anthraquinone;w/;7287;7257;30;7286;1;7285;2;7274;13;7270;17;7272;15;7255;32;7284;3;7225;62;7276;11;7227;60;5687;1600;7286;1;7269;18;7274;13;7282;5;7287;0;6571;716;6321;966;6399;888;7060;227;6823;464;6458;829;6043;1244;7265;22;7086;201;7189;98;7254;33;7155;132;5860;1427;7198;89;7286;1;7210;77;7245;42;7130;157;7075;212;5808;1479
phenolic compound;coumarin;w/o;0;447436;3470;450322;584;448017;2889;450096;810;446870;4036;448479;2427;448107;2799;450000;906;442984;7922;450255;651;448834;2072;391348;59558;449758;1148;446135;4771;450319;587;449936;970;450780;126;411550;39356;411893;39013;414716;36190;441594;9312;426478;24428;389767;61139;345945;104961;448719;2187;436769;14137;440373;10533;449014;1892;429949;20957;391039;59867;438788;12118;450838;68;439571;11335;450114;792;435540;15366;438642;12264;392811;58095
phenolic compound;coumarin;w/;12895;12867;28;12894;1;12879;16;12851;44;12883;12;12868;27;12840;55;12886;9;12682;213;12866;29;12830;65;11958;937;12887;8;12844;51;12892;3;12878;17;12895;0;11344;1551;11136;1759;11378;1517;12400;495;11911;984;11314;1581;10175;2720;12827;68;12385;510;12667;228;12840;55;12136;759;10196;2699;12461;434;12890;5;12711;184;12830;65;12395;500;12571;324;10738;2157
phenolic compound;flavonoids/biflavonoids/anthocyanin;w/o;0;354004;2894;356411;487;354989;1909;356168;730;353862;3036;354956;1942;354448;2450;356026;872;350725;6173;356278;620;355173;1725;316264;40634;356088;810;352268;4630;356330;568;355987;911;356802;96;328215;28683;325368;31530;326393;30505;351167;5731;335093;21805;303711;53187;310265;46633;354866;2032;344527;12371;347171;9727;355231;1667;338927;17971;304780;52118;346335;10563;356844;54;347627;9271;356408;490;343247;13651;346915;9983;306011;50887
phenolic compound;flavonoids/biflavonoids/anthocyanin;w/;106903;106299;604;106805;98;105907;996;106779;124;105891;1012;106391;512;106499;404;106860;43;104941;1962;106843;60;106491;412;87042;19861;106557;346;106711;192;106881;22;106827;76;106873;30;94679;12224;97661;9242;99701;7202;102827;4076;103296;3607;97370;9533;45855;61048;106680;223;104627;2276;105869;1034;106623;280;103158;3745;96455;10448;104914;1989;106884;19;104655;2248;106536;367;104688;2215;104298;2605;97538;9365
phenolic compound;isoflavanoids;w/o;0;460287;3498;463200;585;460880;2905;462931;854;459737;4048;461331;2454;460932;2853;462870;915;455650;8135;463105;680;461648;2137;403290;60495;462629;1156;458963;4822;463195;590;462799;986;463659;126;422881;40904;423018;40767;426079;37706;453979;9806;438375;25410;401069;62716;356107;107678;461530;2255;449140;14645;453024;10761;461838;1947;442070;21715;401220;62565;451233;12552;463712;73;452266;11519;462928;857;447921;15864;451197;12588;403533;60252
phenolic compound;isoflavanoids;w/;16;16;0;16;0;16;0;16;0;16;0;16;0;15;1;16;0;16;0;16;0;16;0;16;0;16;0;16;0;16;0;15;1;16;0;13;3;11;5;15;1;15;1;14;2;12;4;13;3;16;0;14;2;16;0;16;0;15;1;15;1;16;0;16;0;16;0;16;0;14;2;16;0;16;0
phenolic compound;lignans;w/o;0;454638;3490;457543;585;455238;2890;457275;853;454090;4038;455676;2452;455301;2827;457214;914;450062;8066;457452;676;456015;2113;397780;60348;456973;1155;453311;4817;457541;587;457143;985;458003;125;418370;39758;417653;40475;421145;36983;448467;9661;432927;25201;395696;62432;352351;105777;455914;2214;443817;14311;447478;10650;456188;1940;436768;21360;396925;61203;445747;12381;458059;69;446780;11348;457300;828;442401;15727;445656;12472;398451;59677
phenolic compound;lignans;w/;5673;5665;8;5673;0;5658;15;5672;1;5663;10;5671;2;5646;27;5672;1;5604;69;5669;4;5649;24;5526;147;5672;1;5668;5;5670;3;5671;2;5672;1;4524;1149;5376;297;4949;724;5527;146;5462;211;5385;288;3769;1904;5632;41;5337;336;5562;111;5666;7;5317;356;4310;1363;5502;171;5669;4;5502;171;5644;29;5534;139;5557;116;5098;575
phenolic compound;naphthoquinone;w/o;0;456148;3485;459048;585;456728;2905;458786;847;455585;4048;457183;2450;456792;2841;458718;915;451535;8098;458966;667;457512;2121;399775;59858;458478;1155;454818;4815;459047;586;458650;983;459507;126;419055;40578;419338;40295;422739;36894;449862;9771;434574;25059;397339;62294;352511;107122;457450;2183;445144;14489;448889;10744;457699;1934;437959;21674;398405;61228;447139;12494;459561;72;448138;11495;458781;852;443820;15813;447171;12462;400113;59520
phenolic compound;naphthoquinone;w/;4168;4155;13;4168;0;4168;0;4161;7;4168;0;4164;4;4155;13;4168;0;4131;37;4155;13;4152;16;3531;637;4167;1;4161;7;4164;4;4164;4;4168;0;3839;329;3691;477;3355;813;4132;36;3815;353;3742;426;3609;559;4096;72;4010;158;4151;17;4155;13;4126;42;2830;1338;4110;58;4167;1;4144;24;4163;5;4115;53;4042;126;3436;732
phenolic compound;phenolic acid;w/o;0;450377;3460;453260;577;451000;2837;452992;845;449857;3980;451406;2431;451028;2809;452929;908;446114;7723;453177;660;451796;2041;394399;59438;452695;1142;449041;4796;453250;587;452864;973;453712;125;413894;39943;413768;40069;416582;37255;444325;9512;428809;25028;392093;61744;353301;100536;451600;2237;439328;14509;443131;10706;451903;1934;432464;21373;391935;61902;441399;12438;453765;72;442497;11340;453000;837;438100;15737;441425;12412;394134;59703
phenolic compound;phenolic acid;w/;9964;9926;38;9956;8;9896;68;9955;9;9896;68;9941;23;9919;45;9957;7;9552;412;9944;20;9868;96;8907;1057;9950;14;9938;26;9961;3;9950;14;9963;1;9000;964;9261;703;9512;452;9669;295;9580;384;8988;976;2819;7145;9946;18;9826;138;9909;55;9951;13;9621;343;9300;664;9850;114;9963;1;9785;179;9944;20;9835;129;9788;176;9415;549
phenolic compound;phenylpropanoid;w/o;0;457442;3408;460284;566;458123;2727;460000;850;456944;3906;458436;2414;458079;2771;459965;885;452887;7963;460174;676;458745;2105;400813;60037;459744;1106;456033;4817;460260;590;459887;963;460727;123;420199;40651;420218;40632;423254;37596;451087;9763;435583;25267;398318;62532;354257;106593;458606;2244;446278;14572;450108;10742;458908;1942;439176;21674;398491;62359;448331;12519;460777;73;449342;11508;459996;854;445027;15823;448443;12407;400812;60038
phenolic compound;phenylpropanoid;w/;2951;2861;90;2932;19;2773;178;2947;4;2809;142;2911;40;2868;83;2921;30;2779;172;2947;4;2919;32;2493;458;2901;50;2946;5;2951;0;2927;24;2948;3;2695;256;2811;140;2840;111;2907;44;2806;145;2763;188;1863;1088;2940;11;2876;75;2932;19;2946;5;2909;42;2744;207;2918;33;2951;0;2940;11;2948;3;2908;43;2770;181;2737;214
phenolic compound;stilbene;w/o;0;452416;3469;455300;585;452991;2894;455049;836;451850;4035;453450;2435;453045;2840;454973;912;447820;8065;455206;679;453757;2128;395818;60067;454737;1148;451082;4803;455305;580;454899;986;455759;126;416356;39529;415375;40510;419295;36590;446257;9628;430724;25161;393458;62427;351605;104280;453651;2234;441411;14474;445205;10680;453954;1931;434781;21104;394716;61169;443746;12139;455817;68;444696;11189;455032;853;440090;15795;443439;12446;396466;59419
phenolic compound;stilbene;w/;7916;7887;29;7916;0;7905;11;7898;18;7903;13;7897;19;7902;14;7913;3;7846;70;7915;1;7907;9;7488;428;7908;8;7897;19;7906;10;7915;1;7916;0;6538;1378;7654;262;6799;1117;7737;179;7665;251;7623;293;4515;3401;7895;21;7743;173;7835;81;7900;16;7304;612;6519;1397;7503;413;7911;5;7586;330;7912;4;7845;71;7774;142;7083;833
phenolic compound;tannin;w/o;0;438386;3420;441229;577;438975;2831;440968;838;437808;3998;439401;2405;439571;2235;440899;907;434216;7590;441131;675;439762;2044;384166;57640;440730;1076;437025;4781;441227;579;440824;982;441731;75;402982;38824;405125;36681;405139;36667;433304;8502;417862;23944;382922;58884;344409;97397;439659;2147;427683;14123;431301;10505;440034;1772;420495;21311;381278;60528;429490;12316;441741;65;430571;11235;441108;698;426762;15044;430267;11539;384705;57101
phenolic compound;tannin;w/;21995;21917;78;21987;8;21921;74;21979;16;21945;50;21946;49;21376;619;21987;8;21450;545;21990;5;21902;93;19140;2855;21915;80;21954;41;21984;11;21990;5;21944;51;19912;2083;17904;4091;20955;1040;20690;1305;20527;1468;18159;3836;11711;10284;21887;108;21471;524;21739;256;21820;175;21590;405;19957;2038;21759;236;21987;8;21711;284;21836;159;21173;822;20946;1049;18844;3151
phenolic compound;xanthone;w/o;0;457252;3491;460158;585;457838;2905;459890;853;456697;4046;458291;2452;457895;2848;459829;914;452621;8122;460065;678;458611;2132;400373;60370;459590;1153;455932;4811;460153;590;459756;987;460617;126;420273;40470;420356;40387;423584;37159;451078;9665;435524;25219;398294;62449;353885;106858;458503;2240;446228;14515;450029;10714;458804;1939;439112;21631;399107;61636;448286;12457;460670;73;449292;11451;459889;854;444942;15801;448254;12489;400846;59897
phenolic compound;xanthone;w/;3058;3051;7;3058;0;3058;0;3057;1;3056;2;3056;2;3052;6;3057;1;3045;13;3056;2;3053;5;2933;125;3055;3;3047;11;3058;0;3058;0;3058;0;2621;437;2673;385;2510;548;2916;142;2865;193;2787;271;2235;823;3043;15;2926;132;3011;47;3050;8;2973;85;2128;930;2963;95;3058;0;2990;68;3055;3;2993;65;2959;99;2703;355
polyketide;acetogenin;w/o;0;459823;3497;462735;585;460415;2905;462466;854;459272;4048;460866;2454;460474;2846;462410;910;455190;8130;462641;679;461185;2135;402827;60493;462164;1156;458500;4820;462730;590;462333;987;463194;126;422429;40891;422577;40743;425692;37628;453516;9804;437927;25393;400619;62701;355671;107649;461075;2245;448684;14636;452560;10760;461373;1947;441606;21714;401049;62271;450775;12545;463247;73;451803;11517;462464;856;447454;15866;450738;12582;403160;60160
polyketide;acetogenin;w/;481;480;1;481;0;481;0;481;0;481;0;481;0;473;8;476;5;476;5;480;1;479;2;479;2;481;0;479;2;481;0;481;0;481;0;465;16;452;29;402;79;478;3;462;19;462;19;449;32;471;10;470;11;480;1;481;0;479;2;186;295;474;7;481;0;479;2;480;1;481;0;475;6;389;92
polyketide;ansamycin;w/o;0;460013;3496;462925;584;460604;2905;462655;854;459461;4048;461055;2454;460655;2854;462594;915;455374;8135;462833;676;461372;2137;403025;60484;462353;1156;458688;4821;462919;590;462522;987;463383;126;422609;40900;422785;40724;425856;37653;453704;9805;438118;25391;400861;62648;355833;107676;461256;2253;448883;14626;452751;10758;461563;1946;441794;21715;401020;62489;450958;12551;463436;73;451991;11518;462652;857;447643;15866;450926;12583;403317;60192
polyketide;ansamycin;w/;292;290;2;291;1;292;0;292;0;292;0;292;0;292;0;292;0;292;0;288;4;292;0;281;11;292;0;291;1;292;0;292;0;292;0;285;7;244;48;238;54;290;2;271;21;220;72;287;5;290;2;271;21;289;3;291;1;291;1;215;77;291;1;292;0;291;1;292;0;292;0;287;5;232;60
polyketide;macrolide;w/o;0;445301;3474;448230;545;445871;2904;447939;836;444736;4039;446326;2449;445925;2850;447890;885;440692;8083;448102;673;446665;2110;388430;60345;447631;1144;444043;4732;448187;588;447788;987;448649;126;408703;40072;410714;38061;411508;37267;439092;9683;424937;23838;393639;55136;341253;107522;446761;2014;434503;14272;438337;10438;446890;1885;427579;21196;387352;61423;436327;12448;448704;71;437425;11350;447920;855;433267;15508;436625;12150;389987;58788
polyketide;macrolide;w/;15026;15002;24;14986;40;15025;1;15008;18;15017;9;15021;5;15022;4;14996;30;14974;52;15019;7;14999;27;14876;150;15014;12;14936;90;15024;2;15026;0;15026;0;14191;835;12315;2711;14586;440;14902;124;13452;1574;7442;7584;14867;159;14785;241;14651;375;14703;323;14964;62;14506;520;13883;1143;14922;104;15024;2;14857;169;15024;2;14668;358;14588;438;13562;1464
polyketide;polyene;w/o;0;457106;3473;459995;584;457675;2904;459734;845;456536;4043;458129;2450;457727;2852;459703;876;452476;8103;459903;676;458449;2130;400687;59892;459423;1156;455769;4810;459998;581;459592;987;460453;126;419734;40845;419977;40602;422940;37639;450775;9804;436976;23603;398134;62445;353090;107489;458337;2242;445986;14593;449836;10743;458640;1939;438895;21684;398233;62346;448040;12539;460506;73;449078;11501;459722;857;444731;15848;448011;12568;400764;59815
polyketide;polyene;w/;3222;3197;25;3221;1;3221;1;3213;9;3217;5;3218;4;3220;2;3183;39;3190;32;3218;4;3215;7;2619;603;3222;0;3210;12;3213;9;3222;0;3222;0;3160;62;3052;170;3154;68;3219;3;1413;1809;2947;275;3030;192;3209;13;3168;54;3204;18;3214;8;3190;32;3002;220;3209;13;3222;0;3204;18;3222;0;3204;18;3202;20;2785;437
polyketide;polyether;w/o;0;458964;3295;461674;585;459354;2905;461412;847;458233;4026;459819;2440;459407;2852;461344;915;454127;8132;461579;680;460126;2133;401937;60322;461105;1154;457440;4819;461687;572;461272;987;462133;126;421388;40871;421712;40547;424648;37611;452452;9807;436892;25367;399681;62578;354661;107598;460026;2233;447637;14622;451508;10751;460333;1926;440594;21665;400012;62247;449711;12548;462186;73;450743;11516;461402;857;446403;15856;449773;12486;402288;59971
polyketide;polyether;w/;1542;1339;203;1542;0;1542;0;1535;7;1520;22;1528;14;1540;2;1542;0;1539;3;1542;0;1538;4;1369;173;1540;2;1539;3;1524;18;1542;0;1542;0;1506;36;1317;225;1446;96;1542;0;1497;45;1400;142;1459;83;1520;22;1517;25;1532;10;1521;21;1491;51;1223;319;1538;4;1542;0;1539;3;1542;0;1532;10;1440;102;1261;281
polyketide;tetracycline;w/o;0;421490;3373;424465;398;421971;2892;424055;808;421003;3860;422440;2423;422019;2844;423965;898;416854;8009;424186;677;422799;2064;365634;59229;423712;1151;420320;4543;424283;580;423886;977;424737;126;385100;39763;390923;33940;387540;37323;415349;9514;400987;23876;386392;38471;318032;106831;422729;2134;410572;14291;415319;9544;423443;1420;403752;21111;363542;61321;412540;12323;424796;67;413619;11244;424035;828;409783;15080;415137;9726;368149;56714
polyketide;tetracycline;w/;38938;38813;125;38751;187;38925;13;38892;46;38750;188;38907;31;38928;10;38921;17;38812;126;38935;3;38865;73;37672;1266;38933;5;38659;279;38928;10;38928;10;38938;0;37794;1144;32106;6832;38554;384;38645;293;37402;1536;14689;24249;38088;850;38817;121;38582;356;37721;1217;38411;527;38333;605;37693;1245;38709;229;38932;6;38663;275;38909;29;38152;786;36076;2862;35400;3538
sterols;sterols/cardenolides;w/o;0;445733;3380;448529;584;446253;2860;448273;840;445169;3944;446683;2430;446404;2709;448212;901;441250;7863;448445;668;447012;2101;389398;59715;447980;1133;444309;4804;448528;585;448132;981;448988;125;409344;39769;409126;39987;412041;37072;439911;9202;426077;23036;387428;61685;344129;104984;446964;2149;434771;14342;438489;10624;447206;1907;429159;19954;388132;60981;436930;12183;449041;72;440714;8399;448280;833;433438;15675;436774;12339;390530;58583
sterols;sterols/cardenolides;w/;14688;14570;118;14687;1;14643;45;14674;14;14584;104;14664;24;14543;145;14674;14;14416;272;14676;12;14652;36;13908;780;14665;23;14670;18;14683;5;14682;6;14687;1;13550;1138;13903;785;14053;635;14083;605;12312;2376;13653;1035;11991;2697;14582;106;14383;305;14551;137;14648;40;12926;1762;13103;1585;14319;369;14687;1;11568;3120;14664;24;14497;191;14439;249;13019;1669
sulphur compounds;sulphur compounds/glucosinolates;w/o;0;445475;2958;447881;552;445589;2844;447729;704;444575;3858;446109;2324;445908;2525;447556;877;440641;7792;447770;663;446461;1972;390826;57607;447309;1124;443665;4768;448026;407;447460;973;448313;120;408215;40218;409007;39426;411903;36530;438713;9720;423382;25051;387082;61351;342892;105541;446199;2234;433982;14451;437734;10699;446623;1810;427198;21235;387606;60827;436055;12378;448361;72;437020;11413;447581;852;432657;15776;436286;12147;391841;56592
sulphur compounds;sulphur compounds/glucosinolates;w/;15368;14828;540;15335;33;15307;61;15218;150;15178;190;15238;130;15039;329;15330;38;15025;343;15351;17;15203;165;12480;2888;15336;32;15314;54;15185;183;15354;14;15362;6;14679;689;14022;1346;14191;1177;15281;87;15007;361;13999;1369;13228;2140;15347;21;15172;196;15306;62;15231;137;14887;481;13629;1739;15194;174;15367;1;15262;106;15363;5;15278;90;14927;441;11708;3660
terpenoid/terpene;diterpene;w/o;0;455067;3481;457963;585;455655;2893;457695;853;454513;4035;456098;2450;455831;2717;457650;898;450481;8067;457875;673;456450;2098;398152;60396;457404;1144;453743;4805;457959;589;457563;985;458422;126;418612;39936;418381;40167;421531;37017;448826;9722;433463;25085;396387;62161;351503;107045;456320;2228;444170;14378;447896;10652;456608;1940;436941;21607;397710;60838;446082;12466;458476;72;447083;11465;457716;832;442877;15671;446099;12449;398966;59582
terpenoid/terpene;diterpene;w/;5253;5236;17;5253;0;5241;12;5252;1;5240;13;5249;4;5116;137;5236;17;5185;68;5246;7;5214;39;5154;99;5241;12;5236;17;5252;1;5251;2;5253;0;4282;971;4648;605;4563;690;5168;85;4926;327;4694;559;4617;636;5226;27;4984;269;5144;109;5246;7;5144;109;3525;1728;5167;86;5252;1;5199;54;5228;25;5058;195;5114;139;4583;670
terpenoid/terpene;hemiterpene;w/o;0;460084;3476;462976;584;460669;2891;462706;854;459515;4045;461114;2446;460713;2847;462650;910;455429;8131;462881;679;461425;2135;403089;60471;462405;1155;458738;4822;462972;588;462573;987;463434;126;422667;40893;422807;40753;425874;37686;453754;9806;438153;25407;400859;62701;355916;107644;461307;2253;448921;14639;452804;10756;461614;1946;441849;21711;401029;62531;451009;12551;463487;73;452046;11514;462703;857;447697;15863;450974;12586;403340;60220
terpenoid/terpene;hemiterpene;w/;241;219;22;240;1;227;14;241;0;238;3;233;8;234;7;236;5;237;4;240;1;239;2;217;24;240;1;241;0;239;2;241;0;241;0;227;14;222;19;220;21;240;1;236;5;222;19;204;37;239;2;233;8;236;5;240;1;236;5;206;35;240;1;241;0;236;5;241;0;238;3;239;2;209;32
terpenoid/terpene;monoterpene;w/o;0;457042;3453;459911;584;457654;2841;459642;853;456461;4034;458055;2440;457829;2666;459671;824;452475;8020;459850;645;458424;2071;400135;60360;459397;1098;455685;4810;459907;588;459511;984;460373;122;419993;40502;420248;40247;423040;37455;450738;9757;435463;25032;398402;62093;353630;106865;458264;2231;445915;14580;449759;10736;458558;1937;438841;21654;398394;62101;447985;12510;460422;73;449000;11495;459655;840;444795;15700;447996;12499;400705;59790
terpenoid/terpene;monoterpene;w/;3306;3261;45;3305;1;3242;64;3305;1;3292;14;3292;14;3118;188;3215;91;3191;115;3271;35;3240;66;3171;135;3248;58;3294;12;3304;2;3303;3;3302;4;2901;405;2781;525;3054;252;3256;50;2926;380;2679;627;2490;816;3282;24;3239;67;3281;25;3296;10;3244;62;2841;465;3264;42;3306;0;3282;24;3289;17;3140;166;3217;89;2844;462
terpenoid/terpene;norisoprenoid;w/o;0;460132;3496;463043;585;460724;2904;462774;854;459582;4046;461176;2452;460777;2851;462719;909;455497;8131;462948;680;461494;2134;403197;60431;462477;1151;458806;4822;463038;590;462641;987;463502;126;422745;40883;422865;40763;425929;37699;453823;9805;438224;25404;400918;62710;355972;107656;461373;2255;448983;14645;452867;10761;461681;1947;441913;21715;401091;62537;451080;12548;463555;73;452109;11519;462771;857;447763;15865;451042;12586;403382;60246
terpenoid/terpene;norisoprenoid;w/;173;171;2;173;0;172;1;173;0;171;2;171;2;170;3;167;6;169;4;173;0;170;3;109;64;168;5;173;0;173;0;173;0;173;0;149;24;164;9;165;8;171;2;165;8;163;10;148;25;173;0;171;2;173;0;173;0;172;1;144;29;169;4;173;0;173;0;173;0;172;1;171;2;167;6
terpenoid/terpene;polyterpene;w/o;0;460294;3498;463207;585;460887;2905;462938;854;459744;4048;461338;2454;460938;2854;462877;915;455657;8135;463112;680;461655;2137;403299;60493;462636;1156;458970;4822;463202;590;462805;987;463666;126;422885;40907;423021;40771;426086;37706;453985;9807;438380;25412;401075;62717;356112;107680;461537;2255;449145;14647;453031;10761;461845;1947;442076;21716;401227;62565;451240;12552;463719;73;452273;11519;462935;857;447926;15866;451204;12588;403542;60250
terpenoid/terpene;polyterpene;w/;9;9;0;9;0;9;0;9;0;9;0;9;0;9;0;9;0;9;0;9;0;9;0;7;2;9;0;9;0;9;0;9;0;9;0;9;0;8;1;8;1;9;0;9;0;6;3;8;1;9;0;9;0;9;0;9;0;9;0;8;1;9;0;9;0;9;0;9;0;9;0;9;0;7;2
terpenoid/terpene;sesquiterpene;w/o;0;447905;3456;450776;585;448503;2858;450507;854;447338;4023;448920;2441;448991;2370;450642;719;443556;7805;450734;627;449423;1938;391204;60157;450286;1075;446579;4782;450774;587;450389;972;451240;121;412383;38978;412201;39160;415109;36252;441725;9636;427238;24123;390491;60870;345625;105736;449242;2119;437122;14239;440768;10593;449431;1930;429791;21570;392236;59125;439142;12219;451288;73;439957;11404;450561;800;435850;15511;439091;12270;392642;58719
terpenoid/terpene;sesquiterpene;w/;12440;12398;42;12440;0;12393;47;12440;0;12415;25;12427;13;11956;484;12244;196;12110;330;12387;53;12241;199;12102;338;12359;81;12400;40;12437;3;12425;15;12435;5;10511;1929;10828;1612;10985;1455;12269;171;11151;1289;10590;1850;10495;1945;12304;136;12032;408;12272;168;12423;17;12294;146;8999;3441;12107;333;12440;0;12325;115;12383;57;12085;355;12122;318;10907;1533
terpenoid/terpene;sesterterpene;w/o;0;460013;3498;462926;585;460606;2905;462657;854;459463;4048;461057;2454;460674;2837;462597;914;455378;8133;462833;678;461377;2134;403022;60489;462355;1156;458689;4822;462921;590;462524;987;463385;126;422647;40864;422782;40729;425831;37680;453704;9807;438120;25391;400827;62684;355838;107673;461256;2255;448871;14640;452751;10760;461564;1947;441795;21716;401097;62414;450960;12551;463438;73;451994;11517;462655;856;447649;15862;450925;12586;403278;60233
terpenoid/terpene;sesterterpene;w/;290;290;0;290;0;290;0;290;0;290;0;290;0;273;17;289;1;288;2;288;2;287;3;284;6;290;0;290;0;290;0;290;0;290;0;247;43;247;43;263;27;290;0;269;21;254;36;282;8;290;0;283;7;289;1;290;0;290;0;138;152;289;1;290;0;288;2;289;1;286;4;288;2;271;19
terpenoid/terpene;tetraterpene/carotenoid/xanthophyll;w/o;0;421612;2903;424065;450;422595;1920;423706;809;421772;2743;423544;971;421710;2805;423628;887;417445;7070;423907;608;422814;1701;387578;36937;423461;1054;419723;4792;423930;585;423562;953;424406;109;384764;39751;384213;40302;387453;37062;414948;9567;399345;25170;362449;62066;332914;91601;422273;2242;409993;14522;413845;10670;422613;1902;403840;20675;362747;61768;412261;12254;424448;67;413707;10808;423671;844;408757;15758;412135;12380;366527;57988
terpenoid/terpene;tetraterpene/carotenoid/xanthophyll;w/;39286;38691;595;39151;135;38301;985;39241;45;37981;1305;37803;1483;39237;49;39258;28;38221;1065;39214;72;38850;436;15728;23558;39184;102;39256;30;39281;5;39252;34;39269;17;38130;1156;38816;470;38641;645;39046;240;39044;242;38632;654;23206;16080;39273;13;39161;125;39195;91;39241;45;38245;1041;38488;798;38988;298;39280;6;38575;711;39273;13;39178;108;39078;208;37022;2264
terpenoid/terpene;triterpene/saponin;w/o;0;434769;3414;437601;582;435324;2859;437338;845;434185;3998;435741;2442;435511;2672;437276;907;430429;7754;437519;664;436145;2038;378631;59552;437043;1140;433405;4778;437603;580;437206;977;438066;117;401519;36664;400947;37236;403560;34623;430044;8139;414638;23545;378815;59368;337813;100370;436059;2124;424458;13725;427978;10205;436380;1803;417401;20782;381181;57002;426141;12042;438122;61;427268;10915;437516;667;423446;14737;426705;11478;381864;56319
terpenoid/terpene;triterpene/saponin;w/;25618;25534;84;25615;3;25572;46;25609;9;25568;50;25606;12;25436;182;25610;8;25237;381;25602;16;25519;99;24675;943;25602;16;25574;44;25608;10;25608;10;25609;9;21375;4243;22082;3536;22534;3084;23950;1668;23751;1867;22266;3352;18307;7311;25487;131;24696;922;25062;556;25474;144;24684;934;20054;5564;25108;510;25606;12;25014;604;25428;190;24489;1129;24508;1110;21685;3933
