;;abiotic;abiotic;abiotic;abiotic;abiotic;abiotic;biotic;biotic;biotic;biotic;biotic;biotic;biotic;biotic;biotic;biotic;pharmaco;pharmaco;pharmaco;pharmaco;pharmaco;pharmaco;pharmaco;pharmaco;pharmaco;pharmaco;pharmaco;pharmaco;pharmaco;pharmaco;pharmaco;pharmaco;pharmaco;pharmaco;toxicity
;;heat stress/heat tolerance/heat resistance/heat impact/heat change/temperature stress/temperature tolerance/temperature resistance/temperature impact/temperature change;heavy metal stress/metallic trace element stress/heavy metal tolerance/metallic trace element tolerance/heavy metal resistance/metallic trace element resistance/heavy metal impact/metallic trace element impact/heavy metal change/metallic trace element change;hydric stress/drought stress/hydric tolerance/drought tolerance/hydric resistance/drought resistance/hydric impact/drought impact/hydric change/drought change;ph stress/ph tolerance/ph resistance/ph impact/ph change;salt stress/salinity stress/salt tolerance/salinity tolerance/salt resistance/salinity resistance/salt impact/salinity impact/salt change/salinity change;uv stress/light stress/uv tolerance/light tolerance/uv resistance/light resistance/uv impact/light impact/uv change/light change/irradiance;antifeedant/phytophagous/herbivory/feeding deterrents;attractant;germination;herbicidal;phytotoxicity;pigment/colour;pollination;quorum sensing;repulsive;root respiration/branching factors/root formation;anti-inflammatory;antibacterial;anticancer/anti-tumour/anti-apoptotic/anti-angiogenic;antidiabetic;antifungal;antimicrobial;antioxidant;antiparasitic;antiviral;arthritis;burns;cardiovascular;cytotoxicity;dementia/alzheimer;obesity;rheumatism;sedative/analgesic;wound;toxicity
alkaloid;benzylamine;0.004119464469618949;0.0;0.0;0.003089598352214212;0.006179196704428424;0.0;0.0010298661174047373;0.0010298661174047373;0.010298661174047374;0.009268795056642637;0.0020597322348094747;0.04016477857878476;0.0;0.0;0.006179196704428424;0.0010298661174047373;0.082389289392379;0.06591143151390319;0.07312049433573635;0.02265705458290422;0.09680741503604531;0.07312049433573635;0.10504634397528322;0.0020597322348094747;0.030895983522142123;0.01132852729145211;0.0010298661174047373;0.09577754891864057;0.16374871266735325;0.08650875386199794;0.05252317198764161;0.0;0.07415036045314109;0.02059732234809475;0.17507723995880536
alkaloid;colchicine;0.003183023872679045;0.0;0.002015915119363395;0.0003183023872679045;0.0015915119363395225;0.00021220159151193635;0.00010610079575596818;0.00010610079575596818;0.018992042440318303;0.0005305039787798408;0.001379310344827586;0.035755968169761274;0.012625994694960212;0.00021220159151193635;0.0004244031830238727;0.0008488063660477454;0.17676392572944297;0.009230769230769232;0.11978779840848806;0.011883289124668435;0.01750663129973475;0.012307692307692308;0.03331564986737401;0.002440318302387268;0.021644562334217507;0.2453050397877984;0.004350132625994695;0.10472148541114058;0.17729442970822282;0.02259946949602122;0.02493368700265252;0.01156498673740053;0.043076923076923075;0.034270557029177716;0.1726259946949602
alkaloid;cyclopeptide;0.0014265335235378032;0.0005706134094151213;0.0005706134094151213;0.0005706134094151213;0.0017118402282453639;0.0005706134094151213;0.0002853067047075606;0.0002853067047075606;0.00912981455064194;0.0005706134094151213;0.003994293865905849;0.012553495007132667;0.0002853067047075606;0.020827389443651926;0.0011412268188302425;0.0002853067047075606;0.04365192582025677;0.11041369472182597;0.10328102710413695;0.0094151212553495;0.13295292439372325;0.16176890156918688;0.024536376604850214;0.00456490727532097;0.037089871611982884;0.2102710413694722;0.0005706134094151213;0.038231098430813126;0.192867332382311;0.01825962910128388;0.017118402282453638;0.00912981455064194;0.028530670470756064;0.019115549215406563;0.12439372325249644
alkaloid;imidazole;0.006632834757834758;0.00013354700854700856;0.00035612535612535614;0.003383190883190883;0.001558048433048433;0.0007567663817663817;0.0010683760683760685;0.0006677350427350427;0.004407051282051282;0.001112891737891738;0.0029825498575498577;0.04589565527065527;0.001201923076923077;0.001112891737891738;0.002181267806267806;0.0003116096866096866;0.07808048433048433;0.06899928774928775;0.11177884615384616;0.01023860398860399;0.14681267806267806;0.07109152421652422;0.07443019943019943;0.008057336182336183;0.06592770655270655;0.02283653846153846;0.006855413105413106;0.08947649572649573;0.1676460113960114;0.024839743589743588;0.01727207977207977;0.0002670940170940171;0.06316773504273504;0.029291310541310542;0.17209757834757836
alkaloid;indole;0.007193977824748767;0.0031149182333963733;0.012756331812956576;0.002595765194496978;0.021174027515111063;0.002966588793710832;0.006378165906478288;0.00467237735009456;0.05035784477324137;0.0013720473170912597;0.005673601067971966;0.08165535654689064;0.00611858938702859;0.009159342900582193;0.0011866355174843326;0.024363110468350206;0.07093855452961026;0.07868876775317982;0.12645084733192422;0.012014684614528868;0.05254570400860311;0.07661215559758223;0.10271813698223754;0.0038936477917454666;0.04286720806912152;0.014610449809025846;0.001409129677012645;0.051915303889939556;0.18251937553305891;0.03927021915674714;0.018281603441243;0.0011495531575629473;0.04761375013905885;0.023806875069529426;0.15426261727296325
alkaloid;isoquinoline;0.00358719646799117;0.0002759381898454746;0.0013796909492273732;0.0008278145695364238;0.0019315673289183224;0.0002759381898454746;0.0013796909492273732;0.0005518763796909492;0.005794701986754967;0.0016556291390728477;0.0024834437086092716;0.04277041942604857;0.0002759381898454746;0.0011037527593818985;0.0005518763796909492;0.0008278145695364238;0.09740618101545254;0.062086092715231786;0.168598233995585;0.022902869757174392;0.04194260485651214;0.07422737306843268;0.07891832229580574;0.01076158940397351;0.11037527593818984;0.025938189845474614;0.0016556291390728477;0.05656732891832229;0.2588300220750552;0.055463576158940396;0.015728476821192054;0.0019315673289183224;0.07477924944812361;0.016280353200883002;0.1434878587196468
alkaloid;isoxazole;0.0003843197540353574;0.0;0.0003843197540353574;0.0003843197540353574;0.0;0.0003843197540353574;0.0011529592621060721;0.0003843197540353574;0.002690238278247502;0.013451191391237509;0.002690238278247502;0.013451191391237509;0.0;0.0011529592621060721;0.0007686395080707148;0.0;0.14373558800922367;0.1191391237509608;0.11068408916218293;0.013835511145272867;0.07993850883935434;0.11529592621060722;0.058800922367409685;0.023059185242121444;0.07378939277478862;0.0983858570330515;0.001921598770176787;0.02843966179861645;0.15603382013835512;0.06840891621829362;0.01960030745580323;0.002690238278247502;0.10184473481936972;0.01921598770176787;0.15564950038431977
alkaloid;oxazole;0.008665511265164644;0.0;0.0005777007510109763;0.0034662045060658577;0.0;0.0011554015020219526;0.0011554015020219526;0.0017331022530329288;0.0034662045060658577;0.008665511265164644;0.00462160600808781;0.038128249566724434;0.0;0.0011554015020219526;0.002310803004043905;0.0;0.07567879838243789;0.1727325245522819;0.12767186597342575;0.03292894280762565;0.10629693818601964;0.14558058925476602;0.0415944540727903;0.006932409012131715;0.05199306759098787;0.024263431542461005;0.0017331022530329288;0.0439052570768342;0.21606008087810513;0.02830733679953784;0.028885037550548817;0.0;0.05950317735413056;0.015020219526285385;0.16233391103408434
alkaloid;piperidine;0.002215093186678888;7.638252367858234e-05;0.00022914757103574703;0.000687442713107241;0.00030553009471432935;0.0008402077604644058;0.0012221203788573174;0.0006110601894286587;0.0012221203788573174;0.0008402077604644058;0.00030553009471432935;0.016422242590895204;0.00022914757103574703;0.0006110601894286587;0.000687442713107241;0.00022914757103574703;0.06553620531622364;0.052703941338221816;0.07019553926061717;0.03987167736021998;0.03146959975557592;0.043614421020470515;0.07011915673693858;0.0028261533761075467;0.031240452184540177;0.0419340054995417;0.0036663611365719525;0.1119767797128017;0.10762297586312251;0.13748854262144822;0.04682248701497097;0.00045829514207149406;0.22250229147571035;0.012144821264894592;0.147952948365414
alkaloid;purine;0.007595423516969522;0.00019228920296125374;0.003461205653302567;0.0013460244207287762;0.005672531487356985;0.0009614460148062686;0.0007691568118450149;0.0009614460148062686;0.024901451783482357;0.0008653014133256418;0.0012498798192481493;0.04172675704259206;0.0012498798192481493;0.005384097682915105;0.0013460244207287762;0.004422651668108835;0.05355254302470916;0.02942024805307182;0.09922122872800693;0.013460244207287761;0.019132775694644746;0.030766272473800597;0.08479953850591289;0.007883857321411402;0.15306220555715797;0.05287953081434477;0.0024997596384962986;0.08710700894144793;0.187578117488703;0.02730506682049803;0.0336506105182194;0.0007691568118450149;0.025862897798288625;0.018940486491683492;0.21199884626478224
alkaloid;putrescine;0.0363906424062384;0.008169327887114742;0.05718529520980319;0.0029706646862235424;0.09691793538804308;0.0063126624582250275;0.005941329372447085;0.01968065354623097;0.09468993687337542;0.0007426661715558856;0.010768659487560341;0.11771258819160788;0.009654660230226514;0.007797994801336799;0.0014853323431117712;0.01708132194578537;0.025621982918678055;0.021908652060898627;0.040475306349795764;0.001856665428889714;0.015224656516895656;0.0415893056071296;0.20423319717786856;0.005569996286669142;0.00928332714444857;0.009654660230226514;0.0033419977720014855;0.021908652060898627;0.11399925733382844;0.01856665428889714;0.010025993316004456;0.0003713330857779428;0.003713330857779428;0.0363906424062384;0.1778685480876346
alkaloid;pyridine;0.006702412868632708;7.659900421294524e-05;0.00038299502106472615;0.0025277671390271927;0.001302183071620069;0.001685178092684795;0.0009191880505553428;0.0007659900421294523;0.004289544235924933;0.005247031788586748;0.0022596706242818845;0.08766756032171581;0.0007659900421294523;0.0013404825737265416;0.00425124473381846;0.00011489850631941785;0.07472232860972808;0.08828035235541938;0.12382229031022597;0.012026043661432402;0.06254308693986978;0.08632707774798927;0.0682497127537342;0.0037533512064343165;0.04940635771734968;0.02313289927230946;0.00425124473381846;0.07709689774032938;0.16924549980850248;0.04017617770968977;0.01493680582152432;0.0002297970126388357;0.07893527384144006;0.021639218690157027;0.18176943699731904
alkaloid;pyrrolidine;0.0035899481451934583;0.0;0.0;0.0011966493817311527;0.00019944156362185878;0.000997207818109294;0.00039888312724371757;0.0011966493817311527;0.0011966493817311527;0.0043877143996808934;0.000997207818109294;0.021739130434782608;0.00039888312724371757;0.0031910650179497405;0.0005983246908655763;0.00019944156362185878;0.09792580773833266;0.08057439170323095;0.0963302752293578;0.05025927403270842;0.04287993617869964;0.05763861188671719;0.21918627842042282;0.0025927403270841645;0.09014758675708018;0.019345831671320302;0.005584363781412046;0.059832469086557635;0.1665337056242521;0.045672118069405666;0.022736338252891904;0.00039888312724371757;0.07359393697646589;0.016154766653370563;0.13921021140805745
alkaloid;pyrrolizidine;0.0009090909090909091;0.0;0.0009090909090909091;0.0;0.0;0.0;0.06909090909090909;0.01090909090909091;0.00909090909090909;0.0009090909090909091;0.019090909090909092;0.02909090909090909;0.005454545454545455;0.0009090909090909091;0.0;0.0009090909090909091;0.034545454545454546;0.025454545454545455;0.025454545454545455;0.006363636363636364;0.02;0.03090909090909091;0.05545454545454546;0.0036363636363636364;0.013636363636363636;0.007272727272727273;0.0036363636363636364;0.04181818181818182;0.15636363636363637;0.01;0.0027272727272727275;0.0018181818181818182;0.016363636363636365;0.012727272727272728;0.6554545454545454
alkaloid;quinazoline;0.0006172839506172839;0.0;0.0;0.00020576131687242798;0.0;0.00020576131687242798;0.00041152263374485596;0.0006172839506172839;0.0006172839506172839;0.001440329218106996;0.0012345679012345679;0.015637860082304528;0.0;0.0016460905349794238;0.00102880658436214;0.00020576131687242798;0.07613168724279835;0.09382716049382717;0.23436213991769547;0.017901234567901235;0.05802469135802469;0.08415637860082305;0.03888888888888889;0.005555555555555556;0.056995884773662554;0.015020576131687243;0.0006172839506172839;0.06440329218106997;0.21975308641975308;0.025102880658436213;0.0102880658436214;0.00020576131687242798;0.05267489711934156;0.02119341563786008;0.2697530864197531
alkaloid;quinoline;0.0014120969639915275;0.00042362908919745825;0.00018827959519887032;0.0014120969639915275;0.0004706989879971758;0.0002824193927983055;0.0002824193927983055;0.0002353494939985879;0.0018827959519887032;0.0008001882795951988;0.0013179571663920922;0.03676159096257943;0.0;0.004236290891974582;0.0006119086843963285;4.706989879971758e-05;0.04843492586490939;0.19496352082843021;0.07615909625794305;0.0085667215815486;0.06486232054601082;0.36559190397740643;0.040433043068957404;0.008190162391150859;0.03384325723699694;0.022687691221463874;0.005460108260767239;0.03793833843257237;0.12572369969404565;0.02438220757825371;0.009978818545540127;0.001129677571193222;0.03125441280301247;0.036055542480583666;0.13584372793598493
alkaloid;spermidine;0.03863247863247863;0.006495726495726496;0.04581196581196581;0.0020512820512820513;0.10495726495726496;0.004786324786324786;0.0044444444444444444;0.0017094017094017094;0.0864957264957265;0.0003418803418803419;0.012307692307692308;0.08136752136752137;0.007863247863247864;0.006495726495726496;0.003076923076923077;0.01264957264957265;0.035897435897435895;0.02666666666666667;0.05846153846153846;0.004786324786324786;0.017435897435897435;0.04170940170940171;0.2170940170940171;0.009230769230769232;0.017777777777777778;0.01094017094017094;0.002735042735042735;0.02905982905982906;0.14905982905982906;0.024957264957264958;0.022564102564102566;0.0006837606837606838;0.0044444444444444444;0.024957264957264958;0.1770940170940171
alkaloid;spermine;0.02295918367346939;0.004373177842565598;0.04045189504373178;0.002186588921282799;0.08454810495626822;0.002186588921282799;0.0018221574344023323;0.0029154518950437317;0.06669096209912537;0.0007288629737609329;0.008746355685131196;0.07033527696793003;0.006559766763848397;0.002551020408163265;0.004373177842565598;0.010568513119533527;0.03717201166180758;0.024052478134110787;0.08564139941690962;0.004008746355685131;0.012026239067055394;0.03935860058309038;0.18877551020408162;0.004008746355685131;0.02040816326530612;0.008746355685131196;0.0032798833819241984;0.03498542274052478;0.21683673469387754;0.023323615160349854;0.02040816326530612;0.0;0.007288629737609329;0.023688046647230322;0.20590379008746357
alkaloid;thiazole;0.0020514223194748357;0.00020514223194748358;0.00034190371991247264;0.0008205689277899343;0.0006154266958424508;0.0006154266958424508;0.0008889496717724289;0.0009573304157549234;0.0031455142231947486;0.002598468271334792;0.0010257111597374179;0.03343818380743983;0.002461706783369803;0.002324945295404814;0.0005470459518599562;0.00013676148796498905;0.11857221006564551;0.10981947483588621;0.11070842450765864;0.045336433260393875;0.08657002188183807;0.10824671772428884;0.07713347921225383;0.014359956236323851;0.05032822757111598;0.020582603938730855;0.0023933260393873084;0.03904540481400438;0.23775984682713347;0.09805798687089716;0.02413840262582057;0.00034190371991247264;0.04492614879649891;0.016137855579868708;0.181003829321663
alkaloid;tropane;0.00196078431372549;0.0;0.00784313725490196;0.0;0.00784313725490196;0.00196078431372549;0.027450980392156862;0.0;0.03137254901960784;0.0;0.0058823529411764705;0.056862745098039215;0.00392156862745098;0.00196078431372549;0.00196078431372549;0.0058823529411764705;0.021568627450980392;0.029411764705882353;0.03529411764705882;0.01764705882352941;0.01764705882352941;0.029411764705882353;0.07647058823529412;0.00196078431372549;0.03333333333333333;0.011764705882352941;0.0;0.07450980392156863;0.07254901960784314;0.25882352941176473;0.0196078431372549;0.00196078431372549;0.13725490196078433;0.011764705882352941;0.1980392156862745
lactones;lactones/strigolactones;0.004712475323186653;0.00012736419792396358;0.003311469146023053;0.0019741450678214356;0.0037572438387569254;0.0011462777813156721;0.010762274724574921;0.006113481500350251;0.03515251862701395;0.0028020123543271987;0.007450805578551869;0.0461695217474368;0.001209959880277654;0.2287460994714386;0.0005731388906578361;0.0030567407501751256;0.10864166082914092;0.07368018849901292;0.0933579570782653;0.011590142011080684;0.062217410685856206;0.07164236133222951;0.07323441380627906;0.015793160542571485;0.026937527860918294;0.0185314907979367;0.002993058651213144;0.03438833343947016;0.20295484939183595;0.012672737693434376;0.03731770999172133;0.0019104629688594535;0.02209768833980768;0.015602114245685538;0.11099789849073426
phenolic compound;acetophenone;0.004251700680272109;0.0;0.00042517006802721087;0.0021258503401360546;0.0012755102040816326;0.002551020408163265;0.00510204081632653;0.016156462585034014;0.008078231292517007;0.002551020408163265;0.002551020408163265;0.06590136054421769;0.0008503401360544217;0.005952380952380952;0.002976190476190476;0.00042517006802721087;0.12414965986394558;0.1951530612244898;0.07525510204081633;0.018282312925170068;0.14625850340136054;0.17219387755102042;0.2185374149659864;0.002551020408163265;0.03316326530612245;0.011054421768707483;0.002551020408163265;0.034013605442176874;0.13903061224489796;0.02423469387755102;0.011479591836734694;0.00042517006802721087;0.0352891156462585;0.013605442176870748;0.12414965986394558
phenolic compound;anthraquinone;0.00402067777139575;0.00014359563469270534;0.0002871912693854107;0.0018667432510051695;0.002010338885697875;0.002010338885697875;0.004595060310166571;0.00043078690407811603;0.0080413555427915;0.0014359563469270534;0.008184951177484204;0.22400919012062034;0.00014359563469270534;0.00215393452039058;0.0018667432510051695;0.0007179781734635267;0.09577828834003446;0.13038483630097644;0.12191269385410683;0.029006318207926478;0.06390005743825387;0.11272257323377369;0.1636990235496841;0.0030155083285468122;0.02742676622630672;0.012492820218265364;0.004738655944859276;0.017662263067202758;0.1957208500861574;0.011344055140723721;0.010626076967260195;0.005743825387708214;0.021395749569213095;0.028575531303848364;0.20175186674325102
phenolic compound;coumarin;0.0021353482260183967;8.21287779237845e-05;0.0010676741130091984;0.0036136662286465177;0.0008212877792378449;0.0021353482260183967;0.004188567674113009;0.0007391590013140605;0.016754270696452037;0.0021353482260183967;0.005256241787122208;0.07161629434954007;0.000657030223390276;0.0037779237844940868;0.00024638633377135346;0.0013961892247043365;0.11892247043363995;0.13584099868593955;0.11432325886990802;0.03745072273324573;0.07695466491458607;0.1223718791064389;0.20367936925098554;0.005009855453350854;0.039339684625492775;0.01757555847568988;0.004352825229960578;0.06061103810775296;0.2070466491458607;0.03326215505913272;0.01387976346911958;0.005174113009198423;0.04016097240473062;0.02431011826544021;0.16910315374507226
phenolic compound;flavonoids/biflavonoids/anthocyanin;0.005193347617590042;0.0007550249974492398;0.008376696255484135;0.0011121314151617183;0.008550147944087339;0.004815835118865422;0.0037853280277522702;0.00041832466074890316;0.017794102642587493;0.0005611672278338945;0.003846546270788695;0.18539944903581268;0.0032853790429548005;0.0017345168860320376;0.00020406081012141618;0.0007244158759310274;0.11371288644015917;0.08401183552698704;0.0673196612590552;0.03738394041424344;0.033170084685236204;0.08784817875726966;0.5674216916641159;0.002091623303744516;0.0209366391184573;0.009723497602285481;0.0025711662075298437;0.035853484338332825;0.09813284358738904;0.01876339149066422;0.020875420875420877;0.0034588307315580043;0.021263136414651565;0.023732272217120702;0.08739924497500255
phenolic compound;lignans;0.001292466765140325;0.0;0.001846381093057607;0.00018463810930576072;0.001846381093057607;0.00036927621861152144;0.004985228951255539;0.00018463810930576072;0.011816838995568686;0.0007385524372230429;0.004246676514032497;0.025110782865583457;0.00018463810930576072;0.0005539143279172822;0.0005539143279172822;0.00036927621861152144;0.202178729689808;0.05188330871491876;0.1292466765140325;0.024372230428360415;0.03803545051698671;0.050590841949778434;0.33382570162481534;0.006831610044313146;0.06000738552437223;0.01883308714918759;0.001292466765140325;0.06222304283604136;0.2439069423929099;0.029911373707533235;0.02861890694239291;0.004431314623338257;0.025110782865583457;0.019756277695716397;0.10062776957163959
phenolic compound;naphthoquinone;0.003227408142999007;0.0;0.0;0.001737835153922542;0.0;0.0007447864945382324;0.0029791459781529296;0.0;0.009185700099304866;0.003227408142999007;0.003972194637537239;0.15392254220456802;0.00024826216484607745;0.001737835153922542;0.0009930486593843098;0.0009930486593843098;0.07720953326713009;0.11196623634558094;0.1926514399205561;0.008192651439920555;0.08391261171797418;0.10054617676266137;0.13157894736842105;0.01663356504468719;0.03699106256206554;0.004220456802383317;0.0029791459781529296;0.009930486593843098;0.31976166832174774;0.013902681231380337;0.005461767626613704;0.0012413108242303873;0.01266137040714995;0.02954319761668322;0.1740317775571003
phenolic compound;phenolic acid;0.003753587988518437;0.0008831971737690439;0.006403179509825568;0.0009935968204901745;0.006844778096710091;0.00231839258114374;0.004747184809008611;0.0006623978803267829;0.0412894678737028;0.0016559947008169575;0.010267167145065136;0.10741885625965997;0.0014351954073746965;0.0025391918745860014;0.00033119894016339147;0.0015455950540958269;0.09406049900640318;0.06756458379333186;0.04338706116140428;0.0285935085007728;0.03709428129829984;0.09395009935968204;0.718260101567675;0.0015455950540958269;0.013027158313093399;0.005409582689335394;0.0014351954073746965;0.034555089423713846;0.06359019651137117;0.011150364318834179;0.018215941708986532;0.0018767939942592184;0.012695959372930006;0.016339147714727314;0.054758224773680725
phenolic compound;phenylpropanoid;0.025998492840994723;0.00640542577241899;0.05727204220045215;0.0015071590052750565;0.044461190655614165;0.013187641296156745;0.0293896006028636;0.01092690278824416;0.055388093443858324;0.0015071590052750565;0.010173323285606632;0.15523737754333083;0.016955538809344386;0.0015071590052750565;0.0;0.008666164280331574;0.08816880180859081;0.04747550866616428;0.038055764883195176;0.0146948003014318;0.050489826676714394;0.06367746797287113;0.36510926902788243;0.003391107761868877;0.027128862094951016;0.006782215523737754;0.0018839487565938207;0.0146948003014318;0.07573474001507159;0.01092690278824416;0.003391107761868877;0.0011303692539562924;0.0146948003014318;0.06028636021100226;0.07498116051243406
phenolic compound;stilbene;0.0037467700258397934;0.0;0.0011627906976744186;0.002325581395348837;0.0015503875968992248;0.002325581395348837;0.0016795865633074936;0.0003875968992248062;0.00813953488372093;0.00012919896640826872;0.0011627906976744186;0.05310077519379845;0.0010335917312661498;0.002325581395348837;0.0012919896640826874;0.00012919896640826872;0.1742894056847545;0.03281653746770026;0.14069767441860465;0.02235142118863049;0.03165374677002584;0.03682170542635659;0.4310077519379845;0.0027131782945736434;0.020930232558139535;0.0103359173126615;0.0021963824289405686;0.07777777777777778;0.17622739018087855;0.05167958656330749;0.04224806201550388;0.0005167958656330749;0.00904392764857881;0.01821705426356589;0.10503875968992248
phenolic compound;tannin;0.003299679881802512;0.00034474267421817287;0.0031519330214232946;0.0007387343018960847;0.002019207091849298;0.002216202905688254;0.02940162521546417;0.0003939916276779118;0.02452597882295001;0.0002462447672986949;0.004087663137158335;0.1301157350406304;0.0037429204629401626;0.0018714602314700813;0.0005417384880571288;0.00014774686037921693;0.09332676680620537;0.18325535582368874;0.046294016252154645;0.05855700566362965;0.0674710662398424;0.17311007141098253;0.4596404826397439;0.004924895345973898;0.023836493474513668;0.011524255109578921;0.007879832553558237;0.018517606500861858;0.09170155134203398;0.010785520807682837;0.012459985225313962;0.007288845112041369;0.03861117951243536;0.04604777148485595;0.14572765328736764
phenolic compound;xanthone;0.002388263391334016;0.0;0.0;0.000341180484476288;0.000682360968952576;0.000682360968952576;0.0020470829068577278;0.000341180484476288;0.004435346298191744;0.000682360968952576;0.001364721937905152;0.04094165813715456;0.0010235414534288639;0.0037529853292391675;0.0;0.0;0.14090754008870693;0.12487205731832139;0.17980211531900375;0.04571818491982259;0.065165472534971;0.08802456499488229;0.2674854998294098;0.004776526782668032;0.04332992152848857;0.015353121801432957;0.002729443875810304;0.0283179802115319;0.30160354827703856;0.031047424087342203;0.022176731490958716;0.0010235414534288639;0.02047082906857728;0.03207096554077107;0.11736608665984306
polyketide;acetogenin;0.00211864406779661;0.0;0.0;0.0;0.0;0.0;0.01694915254237288;0.01059322033898305;0.01059322033898305;0.00211864406779661;0.00423728813559322;0.00423728813559322;0.0;0.00423728813559322;0.0;0.0;0.029661016949152543;0.057203389830508475;0.15677966101694915;0.006355932203389831;0.038135593220338986;0.038135593220338986;0.06567796610169492;0.0211864406779661;0.023305084745762712;0.00211864406779661;0.0;0.00423728813559322;0.6165254237288136;0.014830508474576272;0.00423728813559322;0.00211864406779661;0.0;0.00847457627118644;0.1906779661016949
polyketide;macrolide;0.0016051364365971107;0.0026519645474213133;6.978854072161351e-05;0.0012561937329890432;0.0005583083257729081;0.00034894270360806757;0.00027915416288645404;0.0020936562216484055;0.003419638495359062;0.0004885197850512946;0.0017447135180403378;0.010119338404633959;0.0007676739479377487;0.005583083257729081;0.00013957708144322702;0.0;0.056598506525228555;0.18138041733547353;0.03000907251029381;0.008095470723707168;0.10698583292623351;0.495847581827064;0.010468281108242026;0.01626072998813595;0.025123874659780863;0.021215716379370506;0.0038383697396887433;0.03447553911647708;0.07760485728243423;0.00656012282783167;0.010677646730406868;0.00013957708144322702;0.024356200711843114;0.02896224439946961;0.09882057366180473
polyketide;polyene;0.007609384908053266;0.0003170577045022194;0.0003170577045022194;0.0028535193405199747;0.0015852885225110971;0.0012682308180088776;0.0006341154090044388;0.012365250475586557;0.009828788839568801;0.0012682308180088776;0.0022194039315155357;0.1880152187698161;0.0;0.0034876347495244133;0.0028535193405199747;0.0;0.019023462270133164;0.050412175015852885;0.02155992390615092;0.0009511731135066582;0.5618262523779328;0.08211794546607483;0.05960684844641725;0.003804692454026633;0.016487000634115408;0.0050729232720355105;0.0025364616360177552;0.009828788839568801;0.06658211794546608;0.003804692454026633;0.00538998097653773;0.0;0.0057070386810399495;0.006024096385542169;0.13443246670894102
polyketide;polyether;0.12822299651567945;0.0;0.0;0.004181184668989547;0.014634146341463415;0.008362369337979094;0.0013937282229965157;0.0;0.0020905923344947735;0.0;0.0027874564459930314;0.11358885017421602;0.0006968641114982578;0.0020905923344947735;0.012543554006968641;0.0;0.023693379790940768;0.13937282229965156;0.06062717770034843;0.0;0.030662020905923345;0.08780487804878048;0.0529616724738676;0.014634146341463415;0.017421602787456445;0.006968641114982578;0.014634146341463415;0.03414634146341464;0.21114982578397212;0.0020905923344947735;0.0020905923344947735;0.0;0.005574912891986063;0.06689895470383275;0.18397212543554006
polyketide;tetracycline;0.0030802780427967836;0.0047430830039525695;0.0002998500749625187;0.0010903639089546136;0.004606787515333242;0.0007905138339920949;0.0002725909772386534;0.0004088864658579801;0.002971241651901322;8.177729317159602e-05;0.001935395938394439;0.032847212757257736;0.0001362954886193267;0.006596701649175412;0.0002725909772386534;0.0002725909772386534;0.02995774839852801;0.17443096633501431;0.009813275180591522;0.007796101949025487;0.039634728090500206;0.6191086275044296;0.020689655172413793;0.0031075371405206486;0.009213575030666485;0.03230203080278043;0.013547771568761075;0.01567398119122257;0.031429739675616734;0.005860706010631048;0.006760256235518605;0.0007905138339920949;0.020962246149652447;0.07501703693607742;0.0891917677524874
sterols;sterols/cardenolides;0.007832710549008335;0.0;0.002802529462489221;0.001006036217303823;0.007185972980741593;0.0015090543259557343;0.010132221902845646;0.001006036217303823;0.018611670020120725;0.0007904570278815751;0.0025150905432595573;0.054254096004599024;0.0015809140557631503;0.0012216154067260707;0.00035929864903707964;0.00043115837884449555;0.0758120149468238;0.052601322219028454;0.04210980166714573;0.04038516815176775;0.16348088531187122;0.0690572003449267;0.17806841046277666;0.007185972980741593;0.020767461914343203;0.009413624604771485;0.002874389192296637;0.12101178499568842;0.10778959471112388;0.02486346651336591;0.2120580626616844;0.0016527737855705662;0.012934751365334866;0.016024719747053752;0.11353837309571715
sulphur compounds;sulphur compounds/glucosinolates;0.03392149801944545;0.0020885848037450485;0.004033129276197335;0.009794742527907813;0.01245948865682391;0.008642419877565718;0.023190493338134676;0.0026647461289160965;0.022758372344256393;0.0012243428159884767;0.010658984515664386;0.1878285920057616;0.0021606049693914295;0.0035289881166726683;0.012099387828592005;0.0010082823190493337;0.043356139719121355;0.08390349297803384;0.07720561757292042;0.005689593086064098;0.023694634497659343;0.08952106589845156;0.1375585163845877;0.0014404033129276198;0.012675549153763054;0.004033129276197335;0.008858480374504861;0.0318329132157004;0.11415196254951386;0.01094706517824991;0.00727403673028448;0.00036010082823190496;0.0058336334173568595;0.027223622614332012;0.2386028087864602
terpenoid/terpene;diterpene;0.0029222676797194622;0.0;0.002142996298460939;0.0001948178453146308;0.0023378141437755697;0.0007792713812585232;0.026690044808104423;0.003311903370348724;0.012857977790765635;0.0013637249172024158;0.007597895967270602;0.018507695304889927;0.0023378141437755697;0.003117085525034093;0.0001948178453146308;0.0003896356906292616;0.18312877459575297;0.1143580751996883;0.1309175920514319;0.015585427625170466;0.06253652834599649;0.10578609000584453;0.11825443210598091;0.004675628287551139;0.05104227547243328;0.02123514513929476;0.0013637249172024158;0.020066238067406976;0.32885252289109684;0.015780245470485097;0.010325345801675434;0.00487044613286577;0.03662575491915059;0.026495226962789793;0.1289694135982856
terpenoid/terpene;monoterpene;0.014247846255798542;0.0003313452617627568;0.01954937044400265;0.0003313452617627568;0.003644797879390325;0.004307488402915839;0.05997349237905898;0.029489728296885353;0.03711066931742876;0.01126573889993373;0.021206096752816435;0.041749502982107355;0.01855533465871438;0.003644797879390325;0.0006626905235255136;0.0009940357852882703;0.11696487740225314;0.15341285619615638;0.07157057654075547;0.013253810470510271;0.11232604373757456;0.18290258449304175;0.2379058979456594;0.006958250497017893;0.020212060967528166;0.00728959575878065;0.002982107355864811;0.01954937044400265;0.13916500994035785;0.012591119946984758;0.0066269052352551355;0.005632869449966865;0.051358515573227306;0.026176275679257788;0.1424784625579854
terpenoid/terpene;sesquiterpene;0.003028773346794548;0.0;0.0035335689045936395;0.0;0.0020191822311963654;0.001093723708564698;0.03971058388019519;0.016153457849570924;0.02675416456335184;0.004206629648325761;0.016153457849570924;0.026670031970385328;0.0063099444724886425;0.003365303718660609;0.0002523977788995457;0.001177856301531213;0.15202759549049302;0.1276291435302036;0.11753323237422178;0.012956419316843345;0.10432441527847888;0.1468955073195356;0.15093387178192832;0.01076897189971395;0.032391048292108364;0.013461214874642436;0.0012619888944977284;0.011778563015312132;0.2773010264176342;0.027090694935217905;0.009086320040383645;0.004459027427225307;0.028268551236749116;0.024987380111055023;0.12451623759044254
terpenoid/terpene;tetraterpene/carotenoid/xanthophyll;0.014427874113427362;0.003263126668644319;0.023839702273401472;0.0011865915158706616;0.031471643159569594;0.03872603219977886;0.001267495482861843;0.0007551036919176937;0.025538685580216283;0.0018068552628030528;0.010922035543809498;0.6047571532590815;0.0025619589547207465;0.0006741997249265123;0.00010787195598824196;0.0009169116259000567;0.028478196380895878;0.011218683422777164;0.01661228122218926;0.005744181656373884;0.005905989590356247;0.015506593673309782;0.40211968393516895;0.0003505838569617864;0.0031013187346619563;0.002427119009735444;0.0011865915158706616;0.026779213074081067;0.019605728000862976;0.0077128448531593;0.01763706480407756;0.0002966478789676654;0.002804670855694291;0.005177853887435614;0.05674064884981527
terpenoid/terpene;triterpene/saponin;0.003083204866463897;0.00012499479188367153;0.0016249322944877297;0.00033331944502312404;0.0015832673638598391;0.0004999791675346861;0.007166368067997167;0.00033331944502312404;0.014332736135994334;0.0006666388900462481;0.003708178825882255;0.036165159785008956;0.0006666388900462481;0.0016665972251156203;0.00037498437565101455;0.00033331944502312404;0.16420149160451647;0.13624432315320195;0.120244989792092;0.06391400358318404;0.07358026748885463;0.13011957835090204;0.27690512895296027;0.004874796883463189;0.036165159785008956;0.021665763926503063;0.005624765634765218;0.03645681429940419;0.21924086496395984;0.019957501770759552;0.023457355943502355;0.007208032998625057;0.045039790008749636;0.042623224032331986;0.15416024332319486
