,,,*,alkaloid,alkaloid,alkaloid,alkaloid,alkaloid,alkaloid,alkaloid,alkaloid,alkaloid,alkaloid,alkaloid,alkaloid,alkaloid,alkaloid,alkaloid,alkaloid,alkaloid,alkaloid,alkaloid,alkaloid,alkaloid,alkaloid,alkaloid,alkaloid,alkaloid,alkaloid,alkaloid,alkaloid,alkaloid,alkaloid,alkaloid,alkaloid,alkaloid,alkaloid,alkaloid,alkaloid,alkaloid,alkaloid,alkaloid,alkaloid,alkaloid,alkaloid,alkaloid,alkaloid,alkaloid,alkaloid,alkaloid,alkaloid,alkaloid,alkaloid,phenolic compound,phenolic compound,phenolic compound,phenolic compound,phenolic compound,phenolic compound,phenolic compound,phenolic compound,phenolic compound,phenolic compound,phenolic compound,phenolic compound,phenolic compound,phenolic compound,phenolic compound,phenolic compound,phenolic compound,phenolic compound,phenolic compound,phenolic compound,phenolic compound,phenolic compound,phenolic compound,phenolic compound,phenolic compound,phenolic compound,polyketide,polyketide,polyketide,polyketide,polyketide,polyketide,polyketide,polyketide,polyketide,polyketide,polyketide,polyketide,terpenoid/terpene,terpenoid/terpene,terpenoid/terpene,terpenoid/terpene,terpenoid/terpene,terpenoid/terpene,terpenoid/terpene,terpenoid/terpene,terpenoid/terpene,terpenoid/terpene,terpenoid/terpene,terpenoid/terpene,terpenoid/terpene,terpenoid/terpene,terpenoid/terpene,terpenoid/terpene,terpenoid/terpene,terpenoid/terpene
,,,Σ,acridine,acridine,benzylamine,benzylamine,colchicine,colchicine,cyclopeptide,cyclopeptide,imidazole,imidazole,indole,indole,indolizidine,indolizidine,isoquinoline,isoquinoline,isoxazole,isoxazole,muscarine,muscarine,oxazole,oxazole,phenylethylamine,phenylethylamine,piperidine,piperidine,purine,purine,putrescine,putrescine,pyridine,pyridine,pyrrolidine,pyrrolidine,pyrrolizidine,pyrrolizidine,quinazoline,quinazoline,quinoline,quinoline,quinolizidine,quinolizidine,spermidine,spermidine,spermine,spermine,thiazole,thiazole,tropane,tropane,acetophenone,acetophenone,anthraquinone,anthraquinone,biflavonoids,biflavonoids,flavonoids,flavonoids,isoflavanoids,isoflavanoids,lignans,lignans,naphthoquinone,naphthoquinone,phenol,phenol,phenolic acid,phenolic acid,phenylpropanoid,phenylpropanoid,stilbene,stilbene,tannin,tannin,xanthone,xanthone,acetogenin,acetogenin,ansamycin,ansamycin,macrolide,macrolide,polyene,polyene,polyether,polyether,tetracycline,tetracycline,diterpene,diterpene,hemiterpene,hemiterpene,monoterpene,monoterpene,norisoprenoid,norisoprenoid,polyterpene,polyterpene,sesquiterpene,sesquiterpene,sesterterpene,sesterterpene,tetraterpene/carotenoid/xanthophyll,tetraterpene/carotenoid/xanthophyll,triterpene,triterpene
,,,w/,w/o,w/,w/o,w/,w/o,w/,w/o,w/,w/o,w/,w/o,w/,w/o,w/,w/o,w/,w/o,w/,w/o,w/,w/o,w/,w/o,w/,w/o,w/,w/o,w/,w/o,w/,w/o,w/,w/o,w/,w/o,w/,w/o,w/,w/o,w/,w/o,w/,w/o,w/,w/o,w/,w/o,w/,w/o,w/,w/o,w/,w/o,w/,w/o,w/,w/o,w/,w/o,w/,w/o,w/,w/o,w/,w/o,w/,w/o,w/,w/o,w/,w/o,w/,w/o,w/,w/o,w/,w/o,w/,w/o,w/,w/o,w/,w/o,w/,w/o,w/,w/o,w/,w/o,w/,w/o,w/,w/o,w/,w/o,w/,w/o,w/,w/o,w/,w/o,w/,w/o,w/,w/o,w/
*,Σ,w/,250082,247332,2750,249222,860,244172,5910,247356,2726,233263,16819,236353,13729,250009,73,248004,2078,247562,2520,250003,79,248164,1918,250013,69,243430,6652,245126,4956,249018,1064,230535,19547,246783,3299,249376,706,247288,2794,236777,13305,249930,152,248785,1297,248744,1338,238017,12065,249810,272,247920,2162,246045,4037,249298,784,206831,43251,250080,2,247593,2489,247216,2866,194844,55238,247603,2479,249205,877,244819,5263,238557,11525,248226,1856,249764,318,249962,120,243024,7058,248635,1447,249101,981,231979,18103,246615,3467,249916,166,249303,779,250004,78,250079,3,244506,5576,249889,193,239238,10844,244281,5801
alkaloid,acridine,w/o,247332,247332,0,246473,859,241438,5894,244609,2723,230555,16777,233658,13674,247259,73,245275,2057,244821,2511,247253,79,245419,1913,247263,69,240700,6632,242388,4944,246270,1062,227842,19490,244040,3292,246626,706,244554,2778,234131,13201,247181,151,246042,1290,246001,1331,235312,12020,247062,270,245177,2155,243316,4016,246548,784,204134,43198,247330,2,244847,2485,244481,2851,192189,55143,244854,2478,246455,877,242075,5257,235812,11520,245483,1849,247016,316,247212,120,240280,7052,245886,1446,246351,981,229258,18074,243869,3463,247166,166,246557,775,247254,78,247329,3,241762,5570,247139,193,236493,10839,241546,5786
alkaloid,acridine,w/,2750,0,2750,2749,1,2734,16,2747,3,2708,42,2695,55,2750,0,2729,21,2741,9,2750,0,2745,5,2750,0,2730,20,2738,12,2748,2,2693,57,2743,7,2750,0,2734,16,2646,104,2749,1,2743,7,2743,7,2705,45,2748,2,2743,7,2729,21,2750,0,2697,53,2750,0,2746,4,2735,15,2655,95,2749,1,2750,0,2744,6,2745,5,2743,7,2748,2,2750,0,2744,6,2749,1,2750,0,2721,29,2746,4,2750,0,2746,4,2750,0,2750,0,2744,6,2750,0,2745,5,2735,15
alkaloid,benzylamine,w/o,249222,246473,2749,249222,0,243313,5909,246496,2726,232427,16795,235508,13714,249149,73,247151,2071,246706,2516,249143,79,247309,1913,249155,67,242593,6629,244269,4953,248165,1057,229716,19506,245934,3288,248516,706,246437,2785,235926,13296,249071,151,247933,1289,247892,1330,237167,12055,248950,272,247072,2150,245185,4037,248438,784,205977,43245,249220,2,246733,2489,246356,2866,194018,55204,246745,2477,248346,876,243962,5260,237697,11525,247368,1854,248904,318,249102,120,242168,7054,247777,1445,248243,979,231122,18100,245756,3466,249056,166,248443,779,249144,78,249219,3,243647,5575,249029,193,238379,10843,243425,5797
alkaloid,benzylamine,w/,860,859,1,0,860,859,1,860,0,836,24,845,15,860,0,853,7,856,4,860,0,855,5,858,2,837,23,857,3,853,7,819,41,849,11,860,0,851,9,851,9,859,1,852,8,852,8,850,10,860,0,848,12,860,0,860,0,854,6,860,0,860,0,860,0,826,34,858,2,859,1,857,3,860,0,858,2,860,0,860,0,856,4,858,2,858,2,857,3,859,1,860,0,860,0,860,0,860,0,859,1,860,0,859,1,856,4
alkaloid,colchicine,w/o,244172,241438,2734,243313,859,244172,0,241448,2724,227396,16776,230546,13626,244099,73,242106,2066,241662,2510,244095,77,242271,1901,244104,68,237527,6645,239259,4913,243109,1063,224675,19497,240881,3291,243474,698,241389,2783,230922,13250,244020,152,242876,1296,242834,1338,232161,12011,243900,272,242015,2157,240145,4027,243390,782,200974,43198,244170,2,241688,2484,241313,2859,188988,55184,241694,2478,243295,877,238966,5206,232661,11511,242319,1853,243854,318,244052,120,237151,7021,242730,1442,243193,979,226169,18003,240706,3466,244006,166,243394,778,244094,78,244169,3,238611,5561,243979,193,233334,10838,238382,5790
alkaloid,colchicine,w/,5910,5894,16,5909,1,0,5910,5908,2,5867,43,5807,103,5910,0,5898,12,5900,10,5908,2,5893,17,5909,1,5903,7,5867,43,5909,1,5860,50,5902,8,5902,8,5899,11,5855,55,5910,0,5909,1,5910,0,5856,54,5910,0,5905,5,5900,10,5908,2,5857,53,5910,0,5905,5,5903,7,5856,54,5909,1,5910,0,5853,57,5896,14,5907,3,5910,0,5910,0,5873,37,5905,5,5908,2,5810,100,5909,1,5910,0,5909,1,5910,0,5910,0,5895,15,5910,0,5904,6,5899,11
alkaloid,cyclopeptide,w/o,247356,244609,2747,246496,860,241448,5908,247356,0,230552,16804,233657,13699,247283,73,245281,2075,244844,2512,247279,77,245454,1902,247287,69,240722,6634,242403,4953,246293,1063,227827,19529,244065,3291,246650,706,244564,2792,234057,13299,247205,151,246059,1297,246018,1338,235328,12028,247085,271,245194,2162,243325,4031,246573,783,204116,43240,247354,2,244868,2488,244491,2865,192134,55222,244877,2479,246480,876,242096,5260,235833,11523,245503,1853,247038,318,247236,120,240308,7048,245915,1441,246375,981,229264,18092,243890,3466,247190,166,246577,779,247278,78,247353,3,241785,5571,247163,193,236512,10844,241560,5796
alkaloid,cyclopeptide,w/,2726,2723,3,2726,0,2724,2,0,2726,2711,15,2696,30,2726,0,2723,3,2718,8,2724,2,2710,16,2726,0,2708,18,2723,3,2725,1,2708,18,2718,8,2726,0,2724,2,2720,6,2725,1,2726,0,2726,0,2689,37,2725,1,2726,0,2720,6,2725,1,2715,11,2726,0,2725,1,2725,1,2710,16,2726,0,2725,1,2723,3,2724,2,2723,3,2726,0,2726,0,2716,10,2720,6,2726,0,2715,11,2725,1,2726,0,2726,0,2726,0,2726,0,2721,5,2726,0,2726,0,2721,5
alkaloid,imidazole,w/o,233263,230555,2708,232427,836,227396,5867,230552,2711,233263,0,220003,13260,233191,72,231376,1887,230789,2474,233184,79,231475,1788,233196,67,226761,6502,228408,4855,232208,1055,215265,17998,230172,3091,232562,701,230524,2739,220310,12953,233114,149,231974,1289,231940,1323,221662,11601,232994,269,231151,2112,229252,4011,232485,778,190258,43005,233261,2,230792,2471,230467,2796,178283,54980,230787,2476,232386,877,228041,5222,221756,11507,231416,1847,232948,315,233144,119,226332,6931,231879,1384,232289,974,215274,17989,229808,3455,233105,158,232485,778,233186,77,233260,3,227710,5553,233071,192,222440,10823,227486,5777
alkaloid,imidazole,w/,16819,16777,42,16795,24,16776,43,16804,15,0,16819,16350,469,16818,1,16628,191,16773,46,16819,0,16689,130,16817,2,16669,150,16718,101,16810,9,15270,1549,16611,208,16814,5,16764,55,16467,352,16816,3,16811,8,16804,15,16355,464,16816,3,16769,50,16793,26,16813,6,16573,246,16819,0,16801,18,16749,70,16561,258,16816,3,16819,0,16778,41,16801,18,16810,9,16816,3,16818,1,16692,127,16756,63,16812,7,16705,114,16807,12,16811,8,16818,1,16818,1,16819,0,16796,23,16818,1,16798,21,16795,24
alkaloid,indole,w/o,236353,233658,2695,235508,845,230546,5807,233657,2696,220003,16350,236353,0,236290,63,234385,1968,233885,2468,236275,78,234488,1865,236284,69,229924,6429,231459,4894,235293,1060,217308,19045,233166,3187,235658,695,233686,2667,223449,12904,236216,137,235065,1288,235023,1330,224601,11752,236096,257,234232,2121,232340,4013,235571,782,193273,43080,236351,2,233872,2481,233517,2836,181474,54879,233880,2473,235480,873,231127,5226,224860,11493,234508,1845,236037,316,236234,119,229317,7036,234911,1442,235374,979,218335,18018,232923,3430,236192,161,235612,741,236278,75,236350,3,230832,5521,236163,190,225555,10798,230584,5769
alkaloid,indole,w/,13729,13674,55,13714,15,13626,103,13699,30,13260,469,0,13729,13719,10,13619,110,13677,52,13728,1,13676,53,13729,0,13506,223,13667,62,13725,4,13227,502,13617,112,13718,11,13602,127,13328,401,13714,15,13720,9,13721,8,13416,313,13714,15,13688,41,13705,24,13727,2,13558,171,13729,0,13721,8,13699,30,13370,359,13723,6,13725,4,13692,37,13697,32,13718,11,13727,2,13728,1,13707,22,13724,5,13727,2,13644,85,13692,37,13724,5,13691,38,13726,3,13729,0,13674,55,13726,3,13683,46,13697,32
alkaloid,indolizidine,w/o,250009,247259,2750,249149,860,244099,5910,247283,2726,233191,16818,236290,13719,250009,0,247935,2074,247489,2520,249930,79,248091,1918,249940,69,243361,6648,245053,4956,248945,1064,230466,19543,246716,3293,249307,702,247215,2794,236706,13303,249866,143,248712,1297,248671,1338,237945,12064,249738,271,247847,2162,245973,4036,249225,784,206758,43251,250007,2,247520,2489,247143,2866,194771,55238,247530,2479,249132,877,244746,5263,238484,11525,248153,1856,249691,318,249889,120,242951,7058,248562,1447,249028,981,231906,18103,246542,3467,249843,166,249230,779,249931,78,250006,3,244433,5576,249816,193,239165,10844,244208,5801
alkaloid,indolizidine,w/,73,73,0,73,0,73,0,73,0,72,1,63,10,0,73,69,4,73,0,73,0,73,0,73,0,69,4,73,0,73,0,69,4,67,6,69,4,73,0,71,2,64,9,73,0,73,0,72,1,72,1,73,0,72,1,73,0,73,0,73,0,73,0,73,0,73,0,73,0,73,0,73,0,73,0,73,0,73,0,73,0,73,0,73,0,73,0,73,0,73,0,73,0,73,0,73,0,73,0,73,0,73,0,73,0,73,0
alkaloid,isoquinoline,w/o,248004,245275,2729,247151,853,242106,5898,245281,2723,231376,16628,234385,13619,247935,69,248004,0,245486,2518,247925,79,246091,1913,247935,69,241390,6614,243076,4928,246941,1063,228569,19435,244731,3273,247300,704,245237,2767,234888,13116,247860,144,246707,1297,246666,1338,235974,12030,247737,267,245851,2153,243985,4019,247220,784,204784,43220,248002,2,245519,2485,245143,2861,192810,55194,245527,2477,247128,876,242747,5257,236492,11512,246154,1850,247687,317,247884,120,240952,7052,246557,1447,247023,981,229911,18093,244537,3467,247839,165,247227,777,247926,78,248001,3,242434,5570,247812,192,237164,10840,242214,5790
alkaloid,isoquinoline,w/,2078,2057,21,2071,7,2066,12,2075,3,1887,191,1968,110,2074,4,0,2078,2076,2,2078,0,2073,5,2078,0,2040,38,2050,28,2077,1,1966,112,2052,26,2076,2,2051,27,1889,189,2070,8,2078,0,2078,0,2043,35,2073,5,2069,9,2060,18,2078,0,2047,31,2078,0,2074,4,2073,5,2034,44,2076,2,2077,1,2072,6,2065,13,2072,6,2077,1,2078,0,2072,6,2078,0,2078,0,2068,10,2078,0,2077,1,2076,2,2078,0,2078,0,2072,6,2077,1,2074,4,2067,11
alkaloid,isoxazole,w/o,247562,244821,2741,246706,856,241662,5900,244844,2718,230789,16773,233885,13677,247489,73,245486,2076,247562,0,247484,78,245791,1771,247493,69,240961,6601,242620,4942,246498,1064,228117,19445,244276,3286,246856,706,244783,2779,234286,13276,247410,152,246265,1297,246224,1338,235570,11992,247290,272,245413,2149,243527,4035,246778,784,204319,43243,247560,2,245077,2485,244709,2853,192368,55194,245083,2479,246685,877,242306,5256,236038,11524,245706,1856,247245,317,247442,120,240509,7053,246115,1447,246581,981,229466,18096,244097,3465,247396,166,246784,778,247484,78,247559,3,241990,5572,247369,193,236720,10842,241772,5790
alkaloid,isoxazole,w/,2520,2511,9,2516,4,2510,10,2512,8,2474,46,2468,52,2520,0,2518,2,0,2520,2519,1,2373,147,2520,0,2469,51,2506,14,2520,0,2418,102,2507,13,2520,0,2505,15,2491,29,2520,0,2520,0,2520,0,2447,73,2520,0,2507,13,2518,2,2520,0,2512,8,2520,0,2516,4,2507,13,2476,44,2520,0,2520,0,2513,7,2519,1,2520,0,2519,1,2520,0,2515,5,2520,0,2520,0,2513,7,2518,2,2520,0,2519,1,2520,0,2520,0,2516,4,2520,0,2518,2,2509,11
alkaloid,muscarine,w/o,250003,247253,2750,249143,860,244095,5908,247279,2724,233184,16819,236275,13728,249930,73,247925,2078,247484,2519,250003,0,248085,1918,249934,69,243352,6651,245047,4956,248939,1064,230456,19547,246704,3299,249297,706,247209,2794,236698,13305,249851,152,248706,1297,248665,1338,237938,12065,249731,272,247841,2162,245966,4037,249219,784,206753,43250,250001,2,247514,2489,247137,2866,194766,55237,247524,2479,249126,877,244741,5262,238479,11524,248147,1856,249685,318,249883,120,242945,7058,248556,1447,249022,981,231900,18103,246536,3467,249837,166,249224,779,249925,78,250000,3,244428,5575,249810,193,239160,10843,244202,5801
alkaloid,muscarine,w/,79,79,0,79,0,77,2,77,2,79,0,78,1,79,0,79,0,78,1,0,79,79,0,79,0,78,1,79,0,79,0,79,0,79,0,79,0,79,0,79,0,79,0,79,0,79,0,79,0,79,0,79,0,79,0,79,0,78,1,79,0,79,0,79,0,78,1,79,0,79,0,78,1,78,1,79,0,79,0,79,0,79,0,79,0,79,0,79,0,79,0,79,0,79,0,79,0,79,0,78,1,79,0,78,1,79,0
alkaloid,oxazole,w/o,248164,245419,2745,247309,855,242271,5893,245454,2710,231475,16689,234488,13676,248091,73,246091,2073,245791,2373,248085,79,248164,0,248095,69,241538,6626,243213,4951,247100,1064,228703,19461,244878,3286,247459,705,245382,2782,234904,13260,248012,152,246868,1296,246826,1338,236300,11864,247892,272,246014,2150,244129,4035,247380,784,204921,43243,248162,2,245678,2486,245305,2859,192980,55184,245685,2479,247287,877,242904,5260,236639,11525,246310,1854,247846,318,248044,120,241150,7014,246719,1445,247183,981,230074,18090,244699,3465,247998,166,247385,779,248086,78,248161,3,242590,5574,247971,193,237321,10843,242365,5799
alkaloid,oxazole,w/,1918,1913,5,1913,5,1901,17,1902,16,1788,130,1865,53,1918,0,1913,5,1771,147,1918,0,0,1918,1918,0,1892,26,1913,5,1918,0,1832,86,1905,13,1917,1,1906,12,1873,45,1918,0,1917,1,1918,0,1717,201,1918,0,1906,12,1916,2,1918,0,1910,8,1918,0,1915,3,1911,7,1864,54,1918,0,1918,0,1915,3,1918,0,1916,2,1918,0,1918,0,1874,44,1916,2,1918,0,1905,13,1916,2,1918,0,1918,0,1918,0,1918,0,1916,2,1918,0,1917,1,1916,2
alkaloid,phenylethylamine,w/o,250013,247263,2750,249155,858,244104,5909,247287,2726,233196,16817,236284,13729,249940,73,247935,2078,247493,2520,249934,79,248095,1918,250013,0,243362,6651,245057,4956,248950,1063,230468,19545,246715,3298,249307,706,247219,2794,236708,13305,249861,152,248717,1296,248676,1337,237948,12065,249741,272,247851,2162,245976,4037,249229,784,206762,43251,250011,2,247524,2489,247147,2866,194776,55237,247534,2479,249136,877,244750,5263,238488,11525,248157,1856,249695,318,249893,120,242955,7058,248566,1447,249032,981,231910,18103,246546,3467,249847,166,249234,779,249935,78,250010,3,244437,5576,249820,193,239169,10844,244213,5800
alkaloid,phenylethylamine,w/,69,69,0,67,2,68,1,69,0,67,2,69,0,69,0,69,0,69,0,69,0,69,0,0,69,68,1,69,0,68,1,67,2,68,1,69,0,69,0,69,0,69,0,68,1,68,1,69,0,69,0,69,0,69,0,69,0,69,0,69,0,69,0,69,0,68,1,69,0,69,0,69,0,69,0,69,0,69,0,69,0,69,0,69,0,69,0,69,0,69,0,69,0,69,0,69,0,69,0,69,0,69,0,69,0,68,1
alkaloid,piperidine,w/o,243430,240700,2730,242593,837,237527,5903,240722,2708,226761,16669,229924,13506,243361,69,241390,2040,240961,2469,243352,78,241538,1892,243362,68,243430,0,238530,4900,242367,1063,224258,19172,240362,3068,242732,698,240718,2712,230243,13187,243293,137,242137,1293,242097,1333,231490,11940,243173,257,241288,2142,239404,4026,242647,783,200313,43117,243428,2,240945,2485,240576,2854,188291,55139,240952,2478,242553,877,238184,5246,231910,11520,241579,1851,243112,318,243310,120,236386,7044,241985,1445,242450,980,225347,18083,239967,3463,243265,165,242653,777,243352,78,243427,3,237864,5566,243238,192,232592,10838,237636,5794
alkaloid,piperidine,w/,6652,6632,20,6629,23,6645,7,6634,18,6502,150,6429,223,6648,4,6614,38,6601,51,6651,1,6626,26,6651,1,0,6652,6596,56,6651,1,6277,375,6421,231,6644,8,6570,82,6534,118,6637,15,6648,4,6647,5,6527,125,6637,15,6632,20,6641,11,6651,1,6518,134,6652,0,6648,4,6640,12,6553,99,6651,1,6652,0,6635,17,6647,5,6647,5,6652,0,6652,0,6638,14,6650,2,6651,1,6632,20,6648,4,6651,1,6650,2,6652,0,6652,0,6642,10,6651,1,6646,6,6645,7
alkaloid,purine,w/o,245126,242388,2738,244269,857,239259,5867,242403,2723,228408,16718,231459,13667,245053,73,243076,2050,242620,2506,245047,79,243213,1913,245057,69,238530,6596,245126,0,244070,1056,225703,19423,241846,3280,244424,702,242394,2732,231852,13274,244977,149,243838,1288,243797,1329,233101,12025,244857,269,242970,2156,241100,4026,244342,784,201935,43191,245124,2,242639,2487,242267,2859,189974,55152,242652,2474,244250,876,239870,5256,233614,11512,243273,1853,244808,318,245007,119,238071,7055,243683,1443,244145,981,227040,18086,241667,3459,244961,165,244349,777,245048,78,245123,3,239559,5567,244934,192,234292,10834,239331,5795
alkaloid,purine,w/,4956,4944,12,4953,3,4913,43,4953,3,4855,101,4894,62,4956,0,4928,28,4942,14,4956,0,4951,5,4956,0,4900,56,0,4956,4948,8,4832,124,4937,19,4952,4,4894,62,4925,31,4953,3,4947,9,4947,9,4916,40,4953,3,4950,6,4945,11,4956,0,4896,60,4956,0,4954,2,4949,7,4870,86,4951,5,4955,1,4949,7,4943,13,4953,3,4956,0,4955,1,4953,3,4952,4,4956,0,4939,17,4948,8,4955,1,4954,2,4956,0,4956,0,4947,9,4955,1,4946,10,4950,6
alkaloid,putrescine,w/o,249018,246270,2748,248165,853,243109,5909,246293,2725,232208,16810,235293,13725,248945,73,246941,2077,246498,2520,248939,79,247100,1918,248950,68,242367,6651,244070,4948,249018,0,229483,19535,245720,3298,248314,704,246225,2793,235717,13301,248866,152,248212,806,248096,922,236961,12057,248748,270,246857,2161,244981,4037,248236,782,205787,43231,249016,2,246529,2489,246155,2863,193810,55208,246541,2477,248141,877,243757,5261,237495,11523,247162,1856,248700,318,248898,120,241961,7057,247571,1447,248038,980,230921,18097,245552,3466,248852,166,248240,778,248940,78,249015,3,243442,5576,248825,193,238191,10827,243220,5798
alkaloid,putrescine,w/,1064,1062,2,1057,7,1063,1,1063,1,1055,9,1060,4,1064,0,1063,1,1064,0,1064,0,1064,0,1063,1,1063,1,1056,8,0,1064,1052,12,1063,1,1062,2,1063,1,1060,4,1064,0,573,491,648,416,1056,8,1062,2,1063,1,1064,0,1062,2,1044,20,1064,0,1064,0,1061,3,1034,30,1062,2,1064,0,1062,2,1062,2,1064,0,1064,0,1064,0,1063,1,1064,0,1063,1,1058,6,1063,1,1064,0,1063,1,1064,0,1064,0,1064,0,1064,0,1047,17,1061,3
alkaloid,pyridine,w/o,230535,227842,2693,229716,819,224675,5860,227827,2708,215265,15270,217308,13227,230466,69,228569,1966,228117,2418,230456,79,228703,1832,230468,67,224258,6277,225703,4832,229483,1052,230535,0,227346,3189,229831,704,227833,2702,217700,12835,230388,147,229242,1293,229203,1332,219036,11499,230270,265,228448,2087,226509,4026,229753,782,187470,43065,230533,2,228051,2484,227698,2837,175689,54846,228059,2476,229658,877,225307,5228,219030,11505,228685,1850,230217,318,230416,119,223496,7039,229098,1437,229561,974,212488,18047,227082,3453,230369,166,229758,777,230457,78,230532,3,224992,5543,230342,193,219705,10830,224753,5782
alkaloid,pyridine,w/,19547,19490,57,19506,41,19497,50,19529,18,17998,1549,19045,502,19543,4,19435,112,19445,102,19547,0,19461,86,19545,2,19172,375,19423,124,19535,12,0,19547,19437,110,19545,2,19455,92,19077,470,19542,5,19543,4,19541,6,18981,566,19540,7,19472,75,19536,11,19545,2,19361,186,19547,0,19542,5,19518,29,19155,392,19544,3,19547,0,19512,35,19527,20,19541,6,19547,0,19546,1,19528,19,19537,10,19540,7,19491,56,19533,14,19547,0,19545,2,19547,0,19547,0,19514,33,19547,0,19533,14,19528,19
alkaloid,pyrrolidine,w/o,246783,244040,2743,245934,849,240881,5902,244065,2718,230172,16611,233166,13617,246716,67,244731,2052,244276,2507,246704,79,244878,1905,246715,68,240362,6421,241846,4937,245720,1063,227346,19437,246783,0,246092,691,244008,2775,233531,13252,246634,149,245487,1296,245450,1333,234789,11994,246513,270,244629,2154,242756,4027,245999,784,203575,43208,246781,2,244297,2486,243926,2857,191591,55192,244304,2479,245907,876,241533,5250,235264,11519,244932,1851,246465,318,246664,119,239727,7056,245338,1445,245802,981,228694,18089,243322,3461,246618,165,246006,777,246705,78,246780,3,241214,5569,246592,191,235941,10842,240989,5794
alkaloid,pyrrolidine,w/,3299,3292,7,3288,11,3291,8,3291,8,3091,208,3187,112,3293,6,3273,26,3286,13,3299,0,3286,13,3298,1,3068,231,3280,19,3298,1,3189,110,0,3299,3284,15,3280,19,3246,53,3296,3,3298,1,3294,5,3228,71,3297,2,3291,8,3289,10,3299,0,3256,43,3299,0,3296,3,3290,9,3253,46,3299,0,3298,1,3286,13,3293,6,3294,5,3299,0,3298,1,3297,2,3297,2,3299,0,3285,14,3293,6,3298,1,3297,2,3299,0,3299,0,3292,7,3297,2,3297,2,3292,7
alkaloid,pyrrolizidine,w/o,249376,246626,2750,248516,860,243474,5902,246650,2726,232562,16814,235658,13718,249307,69,247300,2076,246856,2520,249297,79,247459,1917,249307,69,242732,6644,244424,4952,248314,1062,229831,19545,246092,3284,249376,0,246583,2793,236078,13298,249229,147,248081,1295,248040,1336,237315,12061,249107,269,247215,2161,245343,4033,248592,784,206147,43229,249374,2,246887,2489,246513,2863,194147,55229,246898,2478,248500,876,244113,5263,237856,11520,247520,1856,249058,318,249256,120,242318,7058,247929,1447,248395,981,231281,18095,245912,3464,249211,165,248598,778,249298,78,249373,3,243814,5562,249184,192,238534,10842,243578,5798
alkaloid,pyrrolizidine,w/,706,706,0,706,0,698,8,706,0,701,5,695,11,702,4,704,2,706,0,706,0,705,1,706,0,698,8,702,4,704,2,704,2,691,15,0,706,705,1,699,7,701,5,704,2,704,2,702,4,703,3,705,1,702,4,706,0,684,22,706,0,706,0,703,3,697,9,705,1,705,1,706,0,701,5,706,0,706,0,706,0,706,0,706,0,706,0,698,8,703,3,705,1,705,1,706,0,706,0,692,14,705,1,704,2,703,3
alkaloid,quinazoline,w/o,247288,244554,2734,246437,851,241389,5899,244564,2724,230524,16764,233686,13602,247215,73,245237,2051,244783,2505,247209,79,245382,1906,247219,69,240718,6570,242394,4894,246225,1063,227833,19455,244008,3280,246583,705,247288,0,234084,13204,247139,149,245991,1297,245950,1338,235282,12006,247017,271,245129,2159,243256,4032,246504,784,204055,43233,247286,2,244801,2487,244431,2857,192099,55189,244811,2477,246412,876,242031,5257,235768,11520,245434,1854,246970,318,247168,120,240234,7054,245842,1446,246307,981,229207,18081,243824,3464,247122,166,246509,779,247211,77,247285,3,241715,5573,247095,193,236445,10843,241493,5795
alkaloid,quinazoline,w/,2794,2778,16,2785,9,2783,11,2792,2,2739,55,2667,127,2794,0,2767,27,2779,15,2794,0,2782,12,2794,0,2712,82,2732,62,2793,1,2702,92,2775,19,2793,1,0,2794,2693,101,2791,3,2794,0,2794,0,2735,59,2793,1,2791,3,2789,5,2794,0,2776,18,2794,0,2792,2,2785,9,2745,49,2792,2,2793,1,2788,6,2789,5,2792,2,2794,0,2794,0,2790,4,2793,1,2794,0,2772,22,2791,3,2794,0,2794,0,2793,1,2794,0,2791,3,2794,0,2793,1,2788,6
alkaloid,quinoline,w/o,236777,234131,2646,235926,851,230922,5855,234057,2720,220310,16467,223449,13328,236706,71,234888,1889,234286,2491,236698,79,234904,1873,236708,69,230243,6534,231852,4925,235717,1060,217700,19077,233531,3246,236078,699,234084,2693,236777,0,236632,145,235482,1295,235441,1336,224927,11850,236509,268,234655,2122,232762,4015,235993,784,193583,43194,236775,2,234298,2479,233938,2839,181704,55073,234299,2478,235902,875,231534,5243,225262,11515,234931,1846,236459,318,236664,113,230989,5788,235340,1437,235801,976,219950,16827,233315,3462,236614,163,235999,778,236699,78,236774,3,231218,5559,236585,192,225941,10836,230983,5794
alkaloid,quinoline,w/,13305,13201,104,13296,9,13250,55,13299,6,12953,352,12904,401,13303,2,13116,189,13276,29,13305,0,13260,45,13305,0,13187,118,13274,31,13301,4,12835,470,13252,53,13298,7,13204,101,0,13305,13298,7,13303,2,13303,2,13090,215,13301,4,13265,40,13283,22,13305,0,13248,57,13305,0,13295,10,13278,27,13140,165,13304,1,13303,2,13285,20,13295,10,13295,10,13305,0,13298,7,12035,1270,13295,10,13300,5,12029,1276,13300,5,13302,3,13304,1,13305,0,13305,0,13288,17,13304,1,13297,8,13298,7
alkaloid,quinolizidine,w/o,249930,247181,2749,249071,859,244020,5910,247205,2725,233114,16816,236216,13714,249866,64,247860,2070,247410,2520,249851,79,248012,1918,249861,69,243293,6637,244977,4953,248866,1064,230388,19542,246634,3296,249229,701,247139,2791,236632,13298,249930,0,248633,1297,248592,1338,237866,12064,249661,269,247768,2162,245894,4036,249146,784,206684,43246,249928,2,247441,2489,247064,2866,194697,55233,247451,2479,249054,876,244669,5261,238407,11523,248074,1856,249612,318,249810,120,242872,7058,248483,1447,248949,981,231829,18101,246464,3466,249765,165,249153,777,249852,78,249927,3,244355,5575,249738,192,239087,10843,244132,5798
alkaloid,quinolizidine,w/,152,151,1,151,1,152,0,151,1,149,3,137,15,143,9,144,8,152,0,152,0,152,0,152,0,137,15,149,3,152,0,147,5,149,3,147,5,149,3,145,7,0,152,152,0,152,0,151,1,149,3,152,0,151,1,152,0,147,5,152,0,152,0,152,0,147,5,152,0,151,1,150,2,150,2,152,0,152,0,152,0,152,0,152,0,152,0,150,2,151,1,151,1,150,2,152,0,152,0,151,1,151,1,151,1,149,3
alkaloid,spermidine,w/o,248785,246042,2743,247933,852,242876,5909,246059,2726,231974,16811,235065,13720,248712,73,246707,2078,246265,2520,248706,79,246868,1917,248717,68,242137,6648,243838,4947,248212,573,229242,19543,245487,3298,248081,704,245991,2794,235482,13303,248633,152,248785,0,248075,710,236726,12059,248513,272,246623,2162,244749,4036,248001,784,205559,43226,248783,2,246296,2489,245926,2859,193576,55209,246310,2475,247909,876,243525,5260,237264,11521,246929,1856,248467,318,248665,120,241731,7054,247339,1446,247804,981,230693,18092,245319,3466,248619,166,248006,779,248707,78,248782,3,243210,5575,248592,193,237957,10828,242987,5798
alkaloid,spermidine,w/,1297,1290,7,1289,8,1296,1,1297,0,1289,8,1288,9,1297,0,1297,0,1297,0,1297,0,1296,1,1296,1,1293,4,1288,9,806,491,1293,4,1296,1,1295,2,1297,0,1295,2,1297,0,0,1297,669,628,1291,6,1297,0,1297,0,1296,1,1297,0,1272,25,1297,0,1297,0,1290,7,1268,29,1293,4,1296,1,1294,3,1293,4,1297,0,1297,0,1297,0,1293,4,1296,1,1297,0,1286,11,1296,1,1297,0,1297,0,1297,0,1297,0,1296,1,1297,0,1281,16,1294,3
alkaloid,spermine,w/o,248744,246001,2743,247892,852,242834,5910,246018,2726,231940,16804,235023,13721,248671,73,246666,2078,246224,2520,248665,79,246826,1918,248676,68,242097,6647,243797,4947,248096,648,229203,19541,245450,3294,248040,704,245950,2794,235441,13303,248592,152,248075,669,248744,0,236686,12058,248472,272,246582,2162,244708,4036,247960,784,205506,43238,248742,2,246255,2489,245881,2863,193523,55221,246265,2479,247867,877,243483,5261,237223,11521,246889,1855,248426,318,248624,120,241686,7058,247297,1447,247763,981,230649,18095,245277,3467,248578,166,247965,779,248666,78,248741,3,243168,5576,248551,193,237915,10829,242946,5798
alkaloid,spermine,w/,1338,1331,7,1330,8,1338,0,1338,0,1323,15,1330,8,1338,0,1338,0,1338,0,1338,0,1338,0,1337,1,1333,5,1329,9,922,416,1332,6,1333,5,1336,2,1338,0,1336,2,1338,0,710,628,0,1338,1331,7,1338,0,1338,0,1337,1,1338,0,1325,13,1338,0,1338,0,1335,3,1321,17,1338,0,1338,0,1336,2,1334,4,1337,1,1338,0,1338,0,1338,0,1338,0,1338,0,1330,8,1338,0,1338,0,1338,0,1338,0,1338,0,1338,0,1338,0,1323,15,1335,3
alkaloid,thiazole,w/o,238017,235312,2705,237167,850,232161,5856,235328,2689,221662,16355,224601,13416,237945,72,235974,2043,235570,2447,237938,79,236300,1717,237948,69,231490,6527,233101,4916,236961,1056,219036,18981,234789,3228,237315,702,235282,2735,224927,13090,237866,151,236726,1291,236686,1331,238017,0,237747,270,235895,2122,234017,4000,237234,783,194903,43114,238015,2,235543,2474,235176,2841,183052,54965,235540,2477,237141,876,232793,5224,226509,11508,236163,1854,237701,316,237899,118,231005,7012,236584,1433,237037,980,219949,18068,234569,3448,237851,166,237239,778,237939,78,238014,3,232480,5537,237824,193,227192,10825,232236,5781
alkaloid,thiazole,w/,12065,12020,45,12055,10,12011,54,12028,37,11601,464,11752,313,12064,1,12030,35,11992,73,12065,0,11864,201,12065,0,11940,125,12025,40,12057,8,11499,566,11994,71,12061,4,12006,59,11850,215,12064,1,12059,6,12058,7,0,12065,12063,2,12025,40,12028,37,12064,1,11928,137,12065,0,12050,15,12040,25,11792,273,12063,2,12064,1,12026,39,12048,17,12063,2,12063,2,12063,2,12019,46,12051,14,12064,1,12030,35,12046,19,12065,0,12064,1,12065,0,12065,0,12026,39,12065,0,12046,19,12045,20
alkaloid,tropane,w/o,249810,247062,2748,248950,860,243900,5910,247085,2725,232994,16816,236096,13714,249738,72,247737,2073,247290,2520,249731,79,247892,1918,249741,69,243173,6637,244857,4953,248748,1062,230270,19540,246513,3297,249107,703,247017,2793,236509,13301,249661,149,248513,1297,248472,1338,237747,12063,249810,0,247648,2162,245775,4035,249026,784,206566,43244,249808,2,247321,2489,246945,2865,194578,55232,247332,2478,248934,876,244547,5263,238292,11518,247955,1855,249492,318,249690,120,242752,7058,248363,1447,248829,981,231709,18101,246344,3466,249645,165,249033,777,249733,77,249807,3,244235,5575,249618,192,238971,10839,244013,5797
alkaloid,tropane,w/,272,270,2,272,0,272,0,271,1,269,3,257,15,271,1,267,5,272,0,272,0,272,0,272,0,257,15,269,3,270,2,265,7,270,2,269,3,271,1,268,4,269,3,272,0,272,0,270,2,0,272,272,0,270,2,272,0,265,7,272,0,272,0,271,1,266,6,271,1,271,1,272,0,265,7,271,1,272,0,272,0,272,0,272,0,272,0,270,2,271,1,271,1,270,2,271,1,272,0,271,1,271,1,267,5,268,4
phenolic compound,acetophenone,w/o,247920,245177,2743,247072,848,242015,5905,245194,2726,231151,16769,234232,13688,247847,73,245851,2069,245413,2507,247841,79,246014,1906,247851,69,241288,6632,242970,4950,246857,1063,228448,19472,244629,3291,247215,705,245129,2791,234655,13265,247768,152,246623,1297,246582,1338,235895,12025,247648,272,247920,0,243890,4030,247136,784,204725,43195,247918,2,245435,2485,245058,2862,192807,55113,245442,2478,247045,875,242665,5255,236407,11513,246066,1854,247602,318,247800,120,240863,7057,246474,1446,246939,981,229824,18096,244456,3464,247754,166,247144,776,247843,77,247917,3,242359,5561,247727,193,237081,10839,242119,5801
phenolic compound,acetophenone,w/,2162,2155,7,2150,12,2157,5,2162,0,2112,50,2121,41,2162,0,2153,9,2149,13,2162,0,2150,12,2162,0,2142,20,2156,6,2161,1,2087,75,2154,8,2161,1,2159,3,2122,40,2162,0,2162,0,2162,0,2122,40,2162,0,0,2162,2155,7,2162,0,2106,56,2162,0,2158,4,2158,4,2037,125,2161,1,2160,2,2154,8,2150,12,2160,2,2162,0,2162,0,2161,1,2161,1,2162,0,2155,7,2159,3,2162,0,2159,3,2161,1,2162,0,2147,15,2162,0,2157,5,2162,0
phenolic compound,anthraquinone,w/o,246045,243316,2729,245185,860,240145,5900,243325,2720,229252,16793,232340,13705,245973,72,243985,2060,243527,2518,245966,79,244129,1916,245976,69,239404,6641,241100,4945,244981,1064,226509,19536,242756,3289,245343,702,243256,2789,232762,13283,245894,151,244749,1296,244708,1337,234017,12028,245775,270,243890,2155,246045,0,245261,784,203706,42339,246043,2,243564,2481,243296,2749,191390,54655,243576,2469,245172,873,240836,5209,235358,10687,244253,1792,245727,318,245926,119,238995,7050,244598,1447,245067,978,228006,18039,242589,3456,245881,164,245268,777,245967,78,246042,3,240490,5555,245855,190,235231,10814,240366,5679
phenolic compound,anthraquinone,w/,4037,4016,21,4037,0,4027,10,4031,6,4011,26,4013,24,4036,1,4019,18,4035,2,4037,0,4035,2,4037,0,4026,11,4026,11,4037,0,4026,11,4027,10,4033,4,4032,5,4015,22,4036,1,4036,1,4036,1,4000,37,4035,2,4030,7,0,4037,4037,0,3125,912,4037,0,4029,8,3920,117,3454,583,4027,10,4033,4,3983,54,3199,838,3973,64,4037,0,4036,1,4029,8,4037,0,4034,3,3973,64,4026,11,4035,2,4035,2,4037,0,4037,0,4016,21,4034,3,4007,30,3915,122
phenolic compound,biflavonoids,w/o,249298,246548,2750,248438,860,243390,5908,246573,2725,232485,16813,235571,13727,249225,73,247220,2078,246778,2520,249219,79,247380,1918,249229,69,242647,6651,244342,4956,248236,1062,229753,19545,245999,3299,248592,706,246504,2794,235993,13305,249146,152,248001,1297,247960,1338,237234,12064,249026,272,247136,2162,245261,4037,249298,0,206290,43008,249296,2,246813,2485,246432,2866,194186,55112,246822,2476,248422,876,244044,5254,237803,11495,247455,1843,248980,318,249178,120,242242,7056,247851,1447,248317,981,231198,18100,245834,3464,249132,166,248519,779,249220,78,249295,3,243722,5576,249105,193,238461,10837,243501,5797
phenolic compound,biflavonoids,w/,784,784,0,784,0,782,2,783,1,778,6,782,2,784,0,784,0,784,0,784,0,784,0,784,0,783,1,784,0,782,2,782,2,784,0,784,0,784,0,784,0,784,0,784,0,784,0,783,1,784,0,784,0,784,0,0,784,541,243,784,0,780,4,784,0,658,126,781,3,783,1,775,9,754,30,771,13,784,0,784,0,782,2,784,0,784,0,781,3,781,3,784,0,784,0,784,0,784,0,784,0,784,0,777,7,780,4
phenolic compound,flavonoids,w/o,206831,204134,2697,205977,854,200974,5857,204116,2715,190258,16573,193273,13558,206758,73,204784,2047,204319,2512,206753,78,204921,1910,206762,69,200313,6518,201935,4896,205787,1044,187470,19361,203575,3256,206147,684,204055,2776,193583,13248,206684,147,205559,1272,205506,1325,194903,11928,206566,265,204725,2106,203706,3125,206290,541,206831,0,206829,2,204517,2314,204021,2810,167237,39594,205308,1523,206176,655,201968,4863,202350,4481,205150,1681,206524,307,206711,120,199791,7040,205389,1442,205853,978,189000,17831,203552,3279,206668,163,206100,731,206761,70,206829,2,201625,5206,206641,190,197145,9686,201794,5037
phenolic compound,flavonoids,w/,43251,43198,53,43245,6,43198,53,43240,11,43005,246,43080,171,43251,0,43220,31,43243,8,43250,1,43243,8,43251,0,43117,134,43191,60,43231,20,43065,186,43208,43,43229,22,43233,18,43194,57,43246,5,43226,25,43238,13,43114,137,43244,7,43195,56,42339,912,43008,243,0,43251,43251,0,43076,175,43195,56,27607,15644,42295,956,43029,222,42851,400,36207,7044,43076,175,43240,11,43251,0,43233,18,43246,5,43248,3,42979,272,43063,188,43248,3,43203,48,43243,8,43250,1,42881,370,43248,3,42093,1158,42487,764
phenolic compound,isoflavanoids,w/o,250080,247330,2750,249220,860,244170,5910,247354,2726,233261,16819,236351,13729,250007,73,248002,2078,247560,2520,250001,79,248162,1918,250011,69,243428,6652,245124,4956,249016,1064,230533,19547,246781,3299,249374,706,247286,2794,236775,13305,249928,152,248783,1297,248742,1338,238015,12065,249808,272,247918,2162,246043,4037,249296,784,206829,43251,250080,0,247591,2489,247214,2866,194842,55238,247601,2479,249203,877,244817,5263,238555,11525,248224,1856,249762,318,249960,120,243022,7058,248633,1447,249099,981,231977,18103,246613,3467,249914,166,249301,779,250002,78,250077,3,244504,5576,249887,193,239236,10844,244279,5801
phenolic compound,isoflavanoids,w/,2,2,0,2,0,2,0,2,0,2,0,2,0,2,0,2,0,2,0,2,0,2,0,2,0,2,0,2,0,2,0,2,0,2,0,2,0,2,0,2,0,2,0,2,0,2,0,2,0,2,0,2,0,2,0,2,0,2,0,0,2,2,0,2,0,2,0,2,0,2,0,2,0,2,0,2,0,2,0,2,0,2,0,2,0,2,0,2,0,2,0,2,0,2,0,2,0,2,0,2,0,2,0,2,0,2,0
phenolic compound,lignans,w/o,247593,244847,2746,246733,860,241688,5905,244868,2725,230792,16801,233872,13721,247520,73,245519,2074,245077,2516,247514,79,245678,1915,247524,69,240945,6648,242639,4954,246529,1064,228051,19542,244297,3296,246887,706,244801,2792,234298,13295,247441,152,246296,1297,246255,1338,235543,12050,247321,272,245435,2158,243564,4029,246813,780,204517,43076,247591,2,247593,0,244733,2860,192553,55040,245140,2453,246750,843,242352,5241,236086,11507,245740,1853,247275,318,247473,120,240539,7054,246146,1447,246612,981,229495,18098,244147,3446,247427,166,246820,773,247517,76,247590,3,242063,5530,247400,193,236764,10829,241838,5755
phenolic compound,lignans,w/,2489,2485,4,2489,0,2484,5,2488,1,2471,18,2481,8,2489,0,2485,4,2485,4,2489,0,2486,3,2489,0,2485,4,2487,2,2489,0,2484,5,2486,3,2489,0,2487,2,2479,10,2489,0,2489,0,2489,0,2474,15,2489,0,2485,4,2481,8,2485,4,2314,175,2489,0,0,2489,2483,6,2291,198,2463,26,2455,34,2467,22,2471,18,2486,3,2489,0,2489,0,2485,4,2489,0,2489,0,2484,5,2468,21,2489,0,2483,6,2487,2,2489,0,2443,46,2489,0,2474,15,2443,46
phenolic compound,naphthoquinone,w/o,247216,244481,2735,246356,860,241313,5903,244491,2725,230467,16749,233517,13699,247143,73,245143,2073,244709,2507,247137,79,245305,1911,247147,69,240576,6640,242267,4949,246155,1061,227698,19518,243926,3290,246513,703,244431,2785,233938,13278,247064,152,245926,1290,245881,1335,235176,12040,246945,271,245058,2158,243296,3920,246432,784,204021,43195,247214,2,244733,2483,247216,0,192044,55172,244741,2475,246344,872,241961,5255,235708,11508,245374,1842,246898,318,247099,117,240171,7045,245772,1444,246236,980,229144,18072,243761,3455,247051,165,246438,778,247138,78,247213,3,241657,5559,247024,192,236378,10838,241435,5781
phenolic compound,naphthoquinone,w/,2866,2851,15,2866,0,2859,7,2865,1,2796,70,2836,30,2866,0,2861,5,2853,13,2866,0,2859,7,2866,0,2854,12,2859,7,2863,3,2837,29,2857,9,2863,3,2857,9,2839,27,2866,0,2859,7,2863,3,2841,25,2865,1,2862,4,2749,117,2866,0,2810,56,2866,0,2860,6,0,2866,2800,66,2862,4,2861,5,2858,8,2849,17,2852,14,2866,0,2863,3,2853,13,2863,3,2865,1,2835,31,2854,12,2865,1,2865,1,2866,0,2866,0,2849,17,2865,1,2860,6,2846,20
phenolic compound,phenol,w/o,194844,192189,2655,194018,826,188988,5856,192134,2710,178283,16561,181474,13370,194771,73,192810,2034,192368,2476,194766,78,192980,1864,194776,68,188291,6553,189974,4870,193810,1034,175689,19155,191591,3253,194147,697,192099,2745,181704,13140,194697,147,193576,1268,193523,1321,183052,11792,194578,266,192807,2037,191390,3454,194186,658,167237,27607,194842,2,192553,2291,192044,2800,194844,0,193600,1244,194164,680,190044,4800,187677,7167,193111,1733,194531,313,194726,118,187813,7031,193411,1433,193882,962,177034,17810,191534,3310,194682,162,194123,721,194776,68,194841,3,189540,5304,194654,190,185326,9518,189465,5379
phenolic compound,phenol,w/,55238,55143,95,55204,34,55184,54,55222,16,54980,258,54879,359,55238,0,55194,44,55194,44,55237,1,55184,54,55237,1,55139,99,55152,86,55208,30,54846,392,55192,46,55229,9,55189,49,55073,165,55233,5,55209,29,55221,17,54965,273,55232,6,55113,125,54655,583,55112,126,39594,15644,55238,0,55040,198,55172,66,0,55238,54003,1235,55041,197,54775,463,50880,4358,55115,123,55233,5,55236,2,55211,27,55224,14,55219,19,54945,293,55081,157,55234,4,55180,58,55228,10,55238,0,54966,272,55235,3,53912,1326,54816,422
phenolic compound,phenolic acid,w/o,247603,244854,2749,246745,858,241694,5909,244877,2726,230787,16816,233880,13723,247530,73,245527,2076,245083,2520,247524,79,245685,1918,247534,69,240952,6651,242652,4951,246541,1062,228059,19544,244304,3299,246898,705,244811,2792,234299,13304,247451,152,246310,1293,246265,1338,235540,12063,247332,271,245442,2161,243576,4027,246822,781,205308,42295,247601,2,245140,2463,244741,2862,193600,54003,247603,0,246755,848,242381,5222,236188,11415,245751,1852,247287,316,247483,120,240545,7058,246156,1447,246622,981,229501,18102,244145,3458,247437,166,246825,778,247525,78,247600,3,242038,5565,247410,193,236847,10756,241819,5784
phenolic compound,phenolic acid,w/,2479,2478,1,2477,2,2478,1,2479,0,2476,3,2473,6,2479,0,2477,2,2479,0,2479,0,2479,0,2479,0,2478,1,2474,5,2477,2,2476,3,2479,0,2478,1,2477,2,2478,1,2479,0,2475,4,2479,0,2477,2,2478,1,2478,1,2469,10,2476,3,1523,956,2479,0,2453,26,2475,4,1244,1235,0,2479,2450,29,2438,41,2369,110,2475,4,2477,2,2479,0,2479,0,2479,0,2479,0,2478,1,2470,9,2479,0,2478,1,2479,0,2479,0,2468,11,2479,0,2391,88,2462,17
phenolic compound,phenylpropanoid,w/o,249205,246455,2750,248346,859,243295,5910,246480,2725,232386,16819,235480,13725,249132,73,247128,2077,246685,2520,249126,79,247287,1918,249136,69,242553,6652,244250,4955,248141,1064,229658,19547,245907,3298,248500,705,246412,2793,235902,13303,249054,151,247909,1296,247867,1338,237141,12064,248934,271,247045,2160,245172,4033,248422,783,206176,43029,249203,2,246750,2455,246344,2861,194164,55041,246755,2450,249205,0,243950,5255,237694,11511,247354,1851,248888,317,249085,120,242150,7055,247758,1447,248224,981,231106,18099,245748,3457,249040,165,248434,771,249127,78,249202,3,243671,5534,249012,193,238376,10829,243420,5785
phenolic compound,phenylpropanoid,w/,877,877,0,876,1,877,0,876,1,877,0,873,4,877,0,876,1,877,0,877,0,877,0,877,0,877,0,876,1,877,0,877,0,876,1,876,1,876,1,875,2,876,1,876,1,877,0,876,1,876,1,875,2,873,4,876,1,655,222,877,0,843,34,872,5,680,197,848,29,0,877,869,8,863,14,872,5,876,1,877,0,874,3,877,0,877,0,873,4,867,10,876,1,869,8,877,0,877,0,835,42,877,0,862,15,861,16
phenolic compound,stilbene,w/o,244819,242075,2744,243962,857,238966,5853,242096,2723,228041,16778,231127,13692,244746,73,242747,2072,242306,2513,244741,78,242904,1915,244750,69,238184,6635,239870,4949,243757,1062,225307,19512,241533,3286,244113,706,242031,2788,231534,13285,244669,150,243525,1294,243483,1336,232793,12026,244547,272,242665,2154,240836,3983,244044,775,201968,42851,244817,2,242352,2467,241961,2858,190044,54775,242381,2438,243950,869,244819,0,233353,11466,242975,1844,244502,317,244699,120,237768,7051,243373,1446,243839,980,226726,18093,241361,3458,244654,165,244044,775,244742,77,244816,3,239267,5552,244626,193,234018,10801,239037,5782
phenolic compound,stilbene,w/,5263,5257,6,5260,3,5206,57,5260,3,5222,41,5226,37,5263,0,5257,6,5256,7,5262,1,5260,3,5263,0,5246,17,5256,7,5261,2,5228,35,5250,13,5263,0,5257,6,5243,20,5261,2,5260,3,5261,2,5224,39,5263,0,5255,8,5209,54,5254,9,4863,400,5263,0,5241,22,5255,8,4800,463,5222,41,5255,8,0,5263,5204,59,5251,12,5262,1,5263,0,5256,7,5262,1,5262,1,5253,10,5254,9,5262,1,5259,4,5262,1,5263,0,5239,24,5263,0,5220,43,5244,19
phenolic compound,tannin,w/o,238557,235812,2745,237697,860,232661,5896,235833,2724,221756,16801,224860,13697,238484,73,236492,2065,236038,2519,238479,78,236639,1918,238488,69,231910,6647,233614,4943,237495,1062,219030,19527,235264,3293,237856,701,235768,2789,225262,13295,238407,150,237264,1293,237223,1334,226509,12048,238292,265,236407,2150,235358,3199,237803,754,202350,36207,238555,2,236086,2471,235708,2849,187677,50880,236188,2369,237694,863,233353,5204,238557,0,236764,1793,238243,314,238437,120,231503,7054,237111,1446,237577,980,220642,17915,235156,3401,238392,165,237793,764,238482,75,238555,2,233071,5486,238366,191,227965,10592,233216,5341
phenolic compound,tannin,w/,11525,11520,5,11525,0,11511,14,11523,2,11507,18,11493,32,11525,0,11512,13,11524,1,11524,1,11525,0,11525,0,11520,5,11512,13,11523,2,11505,20,11519,6,11520,5,11520,5,11515,10,11523,2,11521,4,11521,4,11508,17,11518,7,11513,12,10687,838,11495,30,4481,7044,11525,0,11507,18,11508,17,7167,4358,11415,110,11511,14,11466,59,0,11525,11462,63,11521,4,11525,0,11521,4,11524,1,11524,1,11337,188,11459,66,11524,1,11510,15,11522,3,11524,1,11435,90,11523,2,11273,252,11065,460
phenolic compound,xanthone,w/o,248226,245483,2743,247368,858,242319,5907,245503,2723,231416,16810,234508,13718,248153,73,246154,2072,245706,2520,248147,79,246310,1916,248157,69,241579,6647,243273,4953,247162,1064,228685,19541,244932,3294,247520,706,245434,2792,234931,13295,248074,152,246929,1297,246889,1337,236163,12063,247955,271,246066,2160,244253,3973,247455,771,205150,43076,248224,2,245740,2486,245374,2852,193111,55115,245751,2475,247354,872,242975,5251,236764,11462,248226,0,247908,318,248106,120,241169,7057,246780,1446,247245,981,230133,18093,244761,3465,248060,166,247448,778,248148,78,248223,3,242669,5557,248033,193,237387,10839,242464,5762
phenolic compound,xanthone,w/,1856,1849,7,1854,2,1853,3,1853,3,1847,9,1845,11,1856,0,1850,6,1856,0,1856,0,1854,2,1856,0,1851,5,1853,3,1856,0,1850,6,1851,5,1856,0,1854,2,1846,10,1856,0,1856,0,1855,1,1854,2,1855,1,1854,2,1792,64,1843,13,1681,175,1856,0,1853,3,1842,14,1733,123,1852,4,1851,5,1844,12,1793,63,0,1856,1856,0,1856,0,1855,1,1855,1,1856,0,1846,10,1854,2,1856,0,1855,1,1856,0,1856,0,1837,19,1856,0,1851,5,1817,39
polyketide,acetogenin,w/o,249764,247016,2748,248904,860,243854,5910,247038,2726,232948,16816,236037,13727,249691,73,247687,2077,247245,2519,249685,79,247846,1918,249695,69,243112,6652,244808,4956,248700,1064,230217,19547,246465,3299,249058,706,246970,2794,236459,13305,249612,152,248467,1297,248426,1338,237701,12063,249492,272,247602,2162,245727,4037,248980,784,206524,43240,249762,2,247275,2489,246898,2866,194531,55233,247287,2477,248888,876,244502,5262,238243,11521,247908,1856,249764,0,249644,120,242707,7057,248318,1446,248787,977,231661,18103,246301,3463,249598,166,248985,779,249686,78,249761,3,244200,5564,249571,193,238922,10842,243966,5798
polyketide,acetogenin,w/,318,316,2,318,0,318,0,318,0,315,3,316,2,318,0,317,1,317,1,318,0,318,0,318,0,318,0,318,0,318,0,318,0,318,0,318,0,318,0,318,0,318,0,318,0,318,0,316,2,318,0,318,0,318,0,318,0,307,11,318,0,318,0,318,0,313,5,316,2,317,1,317,1,314,4,318,0,0,318,318,0,317,1,317,1,314,4,318,0,314,4,318,0,318,0,318,0,318,0,306,12,318,0,316,2,315,3
polyketide,ansamycin,w/o,249962,247212,2750,249102,860,244052,5910,247236,2726,233144,16818,236234,13728,249889,73,247884,2078,247442,2520,249883,79,248044,1918,249893,69,243310,6652,245007,4955,248898,1064,230416,19546,246664,3298,249256,706,247168,2794,236664,13298,249810,152,248665,1297,248624,1338,237899,12063,249690,272,247800,2162,245926,4036,249178,784,206711,43251,249960,2,247473,2489,247099,2863,194726,55236,247483,2479,249085,877,244699,5263,238437,11525,248106,1856,249644,318,249962,0,242925,7037,248515,1447,248981,981,231872,18090,246495,3467,249796,166,249183,779,249884,78,249959,3,244388,5574,249769,193,239118,10844,244161,5801
polyketide,ansamycin,w/,120,120,0,120,0,120,0,120,0,119,1,119,1,120,0,120,0,120,0,120,0,120,0,120,0,120,0,119,1,120,0,119,1,119,1,120,0,120,0,113,7,120,0,120,0,120,0,118,2,120,0,120,0,119,1,120,0,120,0,120,0,120,0,117,3,118,2,120,0,120,0,120,0,120,0,120,0,120,0,0,120,99,21,120,0,120,0,107,13,120,0,120,0,120,0,120,0,120,0,118,2,120,0,120,0,120,0
polyketide,macrolide,w/o,243024,240280,2744,242168,856,237151,5873,240308,2716,226332,16692,229317,13707,242951,73,240952,2072,240509,2515,242945,79,241150,1874,242955,69,236386,6638,238071,4953,241961,1063,223496,19528,239727,3297,242318,706,240234,2790,230989,12035,242872,152,241731,1293,241686,1338,231005,12019,242752,272,240863,2161,238995,4029,242242,782,199791,43233,243022,2,240539,2485,240171,2853,187813,55211,240545,2479,242150,874,237768,5256,231503,11521,241169,1855,242707,317,242925,99,243024,0,241753,1271,242054,970,226714,16310,239565,3459,242858,166,242245,779,242946,78,243021,3,237462,5562,242832,192,232182,10842,237229,5795
polyketide,macrolide,w/,7058,7052,6,7054,4,7021,37,7048,10,6931,127,7036,22,7058,0,7052,6,7053,5,7058,0,7014,44,7058,0,7044,14,7055,3,7057,1,7039,19,7056,2,7058,0,7054,4,5788,1270,7058,0,7054,4,7058,0,7012,46,7058,0,7057,1,7050,8,7056,2,7040,18,7058,0,7054,4,7045,13,7031,27,7058,0,7055,3,7051,7,7054,4,7057,1,7057,1,7037,21,0,7058,6882,176,7047,11,5265,1793,7050,8,7058,0,7058,0,7058,0,7058,0,7044,14,7057,1,7056,2,7052,6
polyketide,polyene,w/o,248635,245886,2749,247777,858,242730,5905,245915,2720,231879,16756,234911,13724,248562,73,246557,2078,246115,2520,248556,79,246719,1916,248566,69,241985,6650,243683,4952,247571,1064,229098,19537,245338,3297,247929,706,245842,2793,235340,13295,248483,152,247339,1296,247297,1338,236584,12051,248363,272,246474,2161,244598,4037,247851,784,205389,43246,248633,2,246146,2489,245772,2863,193411,55224,246156,2479,247758,877,243373,5262,237111,11524,246780,1855,248318,317,248515,120,241753,6882,248635,0,247656,979,230544,18091,245171,3464,248469,166,247856,779,248557,78,248632,3,243064,5571,248442,193,237817,10818,242836,5799
polyketide,polyene,w/,1447,1446,1,1445,2,1442,5,1441,6,1384,63,1442,5,1447,0,1447,0,1447,0,1447,0,1445,2,1447,0,1445,2,1443,4,1447,0,1437,10,1445,2,1447,0,1446,1,1437,10,1447,0,1446,1,1447,0,1433,14,1447,0,1446,1,1447,0,1447,0,1442,5,1447,0,1447,0,1444,3,1433,14,1447,0,1447,0,1446,1,1446,1,1446,1,1446,1,1447,0,1271,176,0,1447,1445,2,1435,12,1444,3,1447,0,1447,0,1447,0,1447,0,1442,5,1447,0,1421,26,1445,2
polyketide,polyether,w/o,249101,246351,2750,248243,858,243193,5908,246375,2726,232289,16812,235374,13727,249028,73,247023,2078,246581,2520,249022,79,247183,1918,249032,69,242450,6651,244145,4956,248038,1063,229561,19540,245802,3299,248395,706,246307,2794,235801,13300,248949,152,247804,1297,247763,1338,237037,12064,248829,272,246939,2162,245067,4034,248317,784,205853,43248,249099,2,246612,2489,246236,2865,193882,55219,246622,2479,248224,877,243839,5262,237577,11524,247245,1856,248787,314,248981,120,242054,7047,247656,1445,249101,0,231007,18094,245634,3467,248935,166,248322,779,249023,78,249098,3,243525,5576,248908,193,238257,10844,243306,5795
polyketide,polyether,w/,981,981,0,979,2,979,2,981,0,974,7,979,2,981,0,981,0,981,0,981,0,981,0,981,0,980,1,981,0,980,1,974,7,981,0,981,0,981,0,976,5,981,0,981,0,981,0,980,1,981,0,981,0,978,3,981,0,978,3,981,0,981,0,980,1,962,19,981,0,981,0,980,1,980,1,981,0,977,4,981,0,970,11,979,2,0,981,972,9,981,0,981,0,981,0,981,0,981,0,981,0,981,0,981,0,975,6
polyketide,tetracycline,w/o,231979,229258,2721,231122,857,226169,5810,229264,2715,215274,16705,218335,13644,231906,73,229911,2068,229466,2513,231900,79,230074,1905,231910,69,225347,6632,227040,4939,230921,1058,212488,19491,228694,3285,231281,698,229207,2772,219950,12029,231829,150,230693,1286,230649,1330,219949,12030,231709,270,229824,2155,228006,3973,231198,781,189000,42979,231977,2,229495,2484,229144,2835,177034,54945,229501,2478,231106,873,226726,5253,220642,11337,230133,1846,231661,318,231872,107,226714,5265,230544,1435,231007,972,231979,0,228536,3443,231814,165,231209,770,231901,78,231976,3,226442,5537,231787,192,221156,10823,226213,5766
polyketide,tetracycline,w/,18103,18074,29,18100,3,18003,100,18092,11,17989,114,18018,85,18103,0,18093,10,18096,7,18103,0,18090,13,18103,0,18083,20,18086,17,18097,6,18047,56,18089,14,18095,8,18081,22,16827,1276,18101,2,18092,11,18095,8,18068,35,18101,2,18096,7,18039,64,18100,3,17831,272,18103,0,18098,5,18072,31,17810,293,18102,1,18099,4,18093,10,17915,188,18093,10,18103,0,18090,13,16310,1793,18091,12,18094,9,0,18103,18079,24,18102,1,18094,9,18103,0,18103,0,18064,39,18102,1,18082,21,18068,35
terpenoid/terpene,diterpene,w/o,246615,243869,2746,245756,859,240706,5909,243890,2725,229808,16807,232923,13692,246542,73,244537,2078,244097,2518,246536,79,244699,1916,246546,69,239967,6648,241667,4948,245552,1063,227082,19533,243322,3293,245912,703,243824,2791,233315,13300,246464,151,245319,1296,245277,1338,234569,12046,246344,271,244456,2159,242589,4026,245834,781,203552,43063,246613,2,244147,2468,243761,2854,191534,55081,244145,2470,245748,867,241361,5254,235156,11459,244761,1854,246301,314,246495,120,239565,7050,245171,1444,245634,981,228536,18079,246615,0,246450,165,245845,770,246543,72,246613,2,241215,5400,246423,192,235788,10827,240925,5690
terpenoid/terpene,diterpene,w/,3467,3463,4,3466,1,3466,1,3466,1,3455,12,3430,37,3467,0,3467,0,3465,2,3467,0,3465,2,3467,0,3463,4,3459,8,3466,1,3453,14,3461,6,3464,3,3464,3,3462,5,3466,1,3466,1,3467,0,3448,19,3466,1,3464,3,3456,11,3464,3,3279,188,3467,0,3446,21,3455,12,3310,157,3458,9,3457,10,3458,9,3401,66,3465,2,3463,4,3467,0,3459,8,3464,3,3467,0,3443,24,0,3467,3466,1,3458,9,3461,6,3466,1,3291,176,3466,1,3450,17,3356,111
terpenoid/terpene,hemiterpene,w/o,249916,247166,2750,249056,860,244006,5910,247190,2726,233105,16811,236192,13724,249843,73,247839,2077,247396,2520,249837,79,247998,1918,249847,69,243265,6651,244961,4955,248852,1064,230369,19547,246618,3298,249211,705,247122,2794,236614,13302,249765,151,248619,1297,248578,1338,237851,12065,249645,271,247754,2162,245881,4035,249132,784,206668,43248,249914,2,247427,2489,247051,2865,194682,55234,247437,2479,249040,876,244654,5262,238392,11524,248060,1856,249598,318,249796,120,242858,7058,248469,1447,248935,981,231814,18102,246450,3466,249916,0,249143,773,249838,78,249913,3,244344,5572,249724,192,239076,10840,244117,5799
terpenoid/terpene,hemiterpene,w/,166,166,0,166,0,166,0,166,0,158,8,161,5,166,0,165,1,166,0,166,0,166,0,166,0,165,1,165,1,166,0,166,0,165,1,165,1,166,0,163,3,165,1,166,0,166,0,166,0,165,1,166,0,164,2,166,0,163,3,166,0,166,0,165,1,162,4,166,0,165,1,165,1,165,1,166,0,166,0,166,0,166,0,166,0,166,0,165,1,165,1,0,166,160,6,166,0,166,0,162,4,165,1,162,4,164,2
terpenoid/terpene,monoterpene,w/o,249303,246557,2746,248443,860,243394,5909,246577,2726,232485,16818,235612,13691,249230,73,247227,2076,246784,2519,249224,79,247385,1918,249234,69,242653,6650,244349,4954,248240,1063,229758,19545,246006,3297,248598,705,246509,2794,235999,13304,249153,150,248006,1297,247965,1338,237239,12064,249033,270,247144,2159,245268,4035,248519,784,206100,43203,249301,2,246820,2483,246438,2865,194123,55180,246825,2478,248434,869,244044,5259,237793,11510,247448,1855,248985,318,249183,120,242245,7058,247856,1447,248322,981,231209,18094,245845,3458,249143,160,249303,0,249225,78,249300,3,243891,5412,249111,192,238468,10835,243513,5790
terpenoid/terpene,monoterpene,w/,779,775,4,779,0,778,1,779,0,778,1,741,38,779,0,777,2,778,1,779,0,779,0,779,0,777,2,777,2,778,1,777,2,777,2,778,1,779,0,778,1,777,2,779,0,779,0,778,1,777,2,776,3,777,2,779,0,731,48,779,0,773,6,778,1,721,58,778,1,771,8,775,4,764,15,778,1,779,0,779,0,779,0,779,0,779,0,770,9,770,9,773,6,0,779,779,0,779,0,615,164,778,1,770,9,768,11
terpenoid/terpene,norisoprenoid,w/o,250004,247254,2750,249144,860,244094,5910,247278,2726,233186,16818,236278,13726,249931,73,247926,2078,247484,2520,249925,79,248086,1918,249935,69,243352,6652,245048,4956,248940,1064,230457,19547,246705,3299,249298,706,247211,2793,236699,13305,249852,152,248707,1297,248666,1338,237939,12065,249733,271,247843,2161,245967,4037,249220,784,206761,43243,250002,2,247517,2487,247138,2866,194776,55228,247525,2479,249127,877,244742,5262,238482,11522,248148,1856,249686,318,249884,120,242946,7058,248557,1447,249023,981,231901,18103,246543,3461,249838,166,249225,779,250004,0,250001,3,244435,5569,249811,193,239165,10839,244207,5797
terpenoid/terpene,norisoprenoid,w/,78,78,0,78,0,78,0,78,0,77,1,75,3,78,0,78,0,78,0,78,0,78,0,78,0,78,0,78,0,78,0,78,0,78,0,78,0,77,1,78,0,78,0,78,0,78,0,78,0,77,1,77,1,78,0,78,0,70,8,78,0,76,2,78,0,68,10,78,0,78,0,77,1,75,3,78,0,78,0,78,0,78,0,78,0,78,0,78,0,72,6,78,0,78,0,0,78,78,0,71,7,78,0,73,5,74,4
terpenoid/terpene,polyterpene,w/o,250079,247329,2750,249219,860,244169,5910,247353,2726,233260,16819,236350,13729,250006,73,248001,2078,247559,2520,250000,79,248161,1918,250010,69,243427,6652,245123,4956,249015,1064,230532,19547,246780,3299,249373,706,247285,2794,236774,13305,249927,152,248782,1297,248741,1338,238014,12065,249807,272,247917,2162,246042,4037,249295,784,206829,43250,250077,2,247590,2489,247213,2866,194841,55238,247600,2479,249202,877,244816,5263,238555,11524,248223,1856,249761,318,249959,120,243021,7058,248632,1447,249098,981,231976,18103,246613,3466,249913,166,249300,779,250001,78,250079,0,244504,5575,249886,193,239236,10843,244279,5800
terpenoid/terpene,polyterpene,w/,3,3,0,3,0,3,0,3,0,3,0,3,0,3,0,3,0,3,0,3,0,3,0,3,0,3,0,3,0,3,0,3,0,3,0,3,0,3,0,3,0,3,0,3,0,3,0,3,0,3,0,3,0,3,0,3,0,2,1,3,0,3,0,3,0,3,0,3,0,3,0,3,0,2,1,3,0,3,0,3,0,3,0,3,0,3,0,3,0,2,1,3,0,3,0,3,0,0,3,2,1,3,0,2,1,2,1
terpenoid/terpene,sesquiterpene,w/o,244506,241762,2744,243647,859,238611,5895,241785,2721,227710,16796,230832,13674,244433,73,242434,2072,241990,2516,244428,78,242590,1916,244437,69,237864,6642,239559,4947,243442,1064,224992,19514,241214,3292,243814,692,241715,2791,231218,13288,244355,151,243210,1296,243168,1338,232480,12026,244235,271,242359,2147,240490,4016,243722,784,201625,42881,244504,2,242063,2443,241657,2849,189540,54966,242038,2468,243671,835,239267,5239,233071,11435,242669,1837,244200,306,244388,118,237462,7044,243064,1442,243525,981,226442,18064,241215,3291,244344,162,243891,615,244435,71,244504,2,244506,0,244327,179,233689,10817,238847,5659
terpenoid/terpene,sesquiterpene,w/,5576,5570,6,5575,1,5561,15,5571,5,5553,23,5521,55,5576,0,5570,6,5572,4,5575,1,5574,2,5576,0,5566,10,5567,9,5576,0,5543,33,5569,7,5562,14,5573,3,5559,17,5575,1,5575,1,5576,0,5537,39,5575,1,5561,15,5555,21,5576,0,5206,370,5576,0,5530,46,5559,17,5304,272,5565,11,5534,42,5552,24,5486,90,5557,19,5564,12,5574,2,5562,14,5571,5,5576,0,5537,39,5400,176,5572,4,5412,164,5569,7,5575,1,0,5576,5562,14,5549,27,5434,142
terpenoid/terpene,sesterterpene,w/o,249889,247139,2750,249029,860,243979,5910,247163,2726,233071,16818,236163,13726,249816,73,247812,2077,247369,2520,249810,79,247971,1918,249820,69,243238,6651,244934,4955,248825,1064,230342,19547,246592,3297,249184,705,247095,2794,236585,13304,249738,151,248592,1297,248551,1338,237824,12065,249618,271,247727,2162,245855,4034,249105,784,206641,43248,249887,2,247400,2489,247024,2865,194654,55235,247410,2479,249012,877,244626,5263,238366,11523,248033,1856,249571,318,249769,120,242832,7057,248442,1447,248908,981,231787,18102,246423,3466,249724,165,249111,778,249811,78,249886,3,244327,5562,249889,0,239046,10843,244094,5795
terpenoid/terpene,sesterterpene,w/,193,193,0,193,0,193,0,193,0,192,1,190,3,193,0,192,1,193,0,193,0,193,0,193,0,192,1,192,1,193,0,193,0,191,2,192,1,193,0,192,1,192,1,193,0,193,0,193,0,192,1,193,0,190,3,193,0,190,3,193,0,193,0,192,1,190,3,193,0,193,0,193,0,191,2,193,0,193,0,193,0,192,1,193,0,193,0,192,1,192,1,192,1,192,1,193,0,193,0,179,14,0,193,192,1,187,6
terpenoid/terpene,tetraterpene/carotenoid/xanthophyll,w/o,239238,236493,2745,238379,859,233334,5904,236512,2726,222440,16798,225555,13683,239165,73,237164,2074,236720,2518,239160,78,237321,1917,239169,69,232592,6646,234292,4946,238191,1047,219705,19533,235941,3297,238534,704,236445,2793,225941,13297,239087,151,237957,1281,237915,1323,227192,12046,238971,267,237081,2157,235231,4007,238461,777,197145,42093,239236,2,236764,2474,236378,2860,185326,53912,236847,2391,238376,862,234018,5220,227965,11273,237387,1851,238922,316,239118,120,232182,7056,237817,1421,238257,981,221156,18082,235788,3450,239076,162,238468,770,239165,73,239236,2,233689,5549,239046,192,239238,0,233484,5754
terpenoid/terpene,tetraterpene/carotenoid/xanthophyll,w/,10844,10839,5,10843,1,10838,6,10844,0,10823,21,10798,46,10844,0,10840,4,10842,2,10843,1,10843,1,10844,0,10838,6,10834,10,10827,17,10830,14,10842,2,10842,2,10843,1,10836,8,10843,1,10828,16,10829,15,10825,19,10839,5,10839,5,10814,30,10837,7,9686,1158,10844,0,10829,15,10838,6,9518,1326,10756,88,10829,15,10801,43,10592,252,10839,5,10842,2,10844,0,10842,2,10818,26,10844,0,10823,21,10827,17,10840,4,10835,9,10839,5,10843,1,10817,27,10843,1,0,10844,10797,47
terpenoid/terpene,triterpene,w/o,244281,241546,2735,243425,856,238382,5899,241560,2721,227486,16795,230584,13697,244208,73,242214,2067,241772,2509,244202,79,242365,1916,244213,68,237636,6645,239331,4950,243220,1061,224753,19528,240989,3292,243578,703,241493,2788,230983,13298,244132,149,242987,1294,242946,1335,232236,12045,244013,268,242119,2162,240366,3915,243501,780,201794,42487,244279,2,241838,2443,241435,2846,189465,54816,241819,2462,243420,861,239037,5244,233216,11065,242464,1817,243966,315,244161,120,237229,7052,242836,1445,243306,975,226213,18068,240925,3356,244117,164,243513,768,244207,74,244279,2,238847,5434,244094,187,233484,10797,244281,0
terpenoid/terpene,triterpene,w/,5801,5786,15,5797,4,5790,11,5796,5,5777,24,5769,32,5801,0,5790,11,5790,11,5801,0,5799,2,5800,1,5794,7,5795,6,5798,3,5782,19,5794,7,5798,3,5795,6,5794,7,5798,3,5798,3,5798,3,5781,20,5797,4,5801,0,5679,122,5797,4,5037,764,5801,0,5755,46,5781,20,5379,422,5784,17,5785,16,5782,19,5341,460,5762,39,5798,3,5801,0,5795,6,5799,2,5795,6,5766,35,5690,111,5799,2,5790,11,5797,4,5800,1,5659,142,5795,6,5754,47,0,5801
